( ˘▽˘)っ	Food	misc_character-and-meme
◥█̆̈◤࿉∥	Food	misc_character-and-meme
(⋆‿⋆)	Food	misc_character-and-meme
ꊞ̩⁌•͡˻•⁍ᵒᵈᵃⁿᵍᵒ ⁿᵉ	Food	misc_character-and-meme
ℓ  ϚϦοςӧԼձϮϵ⃛	Food	misc_character-and-meme
（￣ｗ￣）Ψ	Food	misc_character-and-meme
くコ：彡｡≠(￣～￣ )	Food	misc_character-and-meme
(●´з―━━━ε｀●)	Food	misc_character-and-meme
(▼д▼)o-{{[〃]}}	Food	misc_character-and-meme
( ・・)つ―{}@{}@{}-	Food	misc_character-and-meme
( ・・)つ-●●●	Food	misc_character-and-meme
―●○◎-	Food	misc_character-and-meme
( ・・)つ―●○◎-	Food	misc_character-and-meme
(　´∀｀)つ―●○◎-	Food	misc_character-and-meme
♪o<( ´∀｀)っ┌iii┐	Food	misc_character-and-meme
(*･∀･)_Ω~	Food	misc_character-and-meme
(*ﾟДﾟ)つ-Oﾛ|>-	Food	misc_character-and-meme
ヽ|。´ェ｀|ﾉ ―■●▲	Food	misc_character-and-meme
(　・ω・)⊃-[二二]	Food	misc_character-and-meme
-●●●-ｃ(ω｀ｃ )	Food	misc_character-and-meme
―⊂ZZZ⊃	Food	misc_character-and-meme
─━━━━	Food	misc_character-and-meme
ʕ ಡ ﹏ ಡ ʔ⊃―{}@{}@{}-	Food	misc_character-and-meme
(　・ω・)⊃-[二> >二]-⊂(´∀｀ )	Food	misc_character-and-meme
>ﾟ)##)彡ｃ(｡･ェ･｡)っ━<コ：彡━	Food	misc_character-and-meme
( -_-)旦~	Drink	misc_character-and-meme
(*^◇^)_旦	Drink	misc_character-and-meme
(＃´ー´)旦	Drink	misc_character-and-meme
(＾-＾)＿日	Drink	misc_character-and-meme
~(=^‥^)_旦~	Drink	misc_character-and-meme
~~旦_(･o･;)	Drink	misc_character-and-meme
(　 ゜Д゜)⊃旦	Drink	misc_character-and-meme
( ´･ω･`)_且~	Drink	misc_character-and-meme
( ^-^)_旦””	Drink	misc_character-and-meme
(； ｀ｪ´ ；)b三b	Drink	misc_character-and-meme
(。・・)_且	Drink	misc_character-and-meme
(*｀▽´)_旦~~	Drink	misc_character-and-meme
~旦_(^O^ )	Drink	misc_character-and-meme
ｏ口(・∀・ )	Drink	misc_character-and-meme
且_(・_・ )	Drink	misc_character-and-meme
且_(ﾟ◇ﾟ；)ノﾞ	Drink	misc_character-and-meme
ⅽ[ː̠̈ː̠̈ː̠̈] ͌	Drink	misc_character-and-meme
~(* ￣)-3旦ε-(￣ *)	Drink	misc_character-and-meme
((｡･”･)o自☆自o(･”･｡))	Drink	misc_character-and-meme
ｰ( ￣▽)_皿~~	Drink	misc_character-and-meme
( ^-)_旦~~ (ﾟoﾟ;)	Drink	misc_character-and-meme
(　ﾟДﾟ)⊃旦	Drink	misc_character-and-meme
((((´∀｀)＿旦～	Drink	misc_character-and-meme
(*´ｪ｀*)っ旦~	Drink	misc_character-and-meme
~~旦　ゝ(´-ω-｀ )	Drink	misc_character-and-meme
~~旦_(-ω-｀｡)	Drink	misc_character-and-meme
~~旦⊂(･∀･ )	Drink	misc_character-and-meme
(○^ω^)_旦~~♪	Drink	misc_character-and-meme
!!”(*>∀<)o(酒)”	Drink	misc_character-and-meme
~~■P o(´・∀・｀ )	Drink	misc_character-and-meme
~~匸Pヽ(･ω･｀)	Drink	misc_character-and-meme
(*´・ω)o旦~┏┓	Drink	misc_character-and-meme
(*´-ω)o旦~┏┓	Drink	misc_character-and-meme
(　’ω’)旦~~┏━┓	Drink	misc_character-and-meme
( ͝° ͜ʖ͡°)つY	Drink	misc_character-and-meme
!(　・∀)つ且~~⊂(´∀｀ )	Drink	misc_character-and-meme
(●´▽｀●)_旦”☆”旦_(○´ー｀○)	Drink	misc_character-and-meme
ﾟ+｡:.(*･ω･)o旦　旦o(･ω･*).:｡+ﾟ	Drink	misc_character-and-meme
!(#ﾟДﾟ)ゞ‥･･━━━━━━旦~☆))｀ωﾟ)･;’.	Drink	misc_character-and-meme
(´・ω)ノ[|_|　|_|]ヽ(ω・｀)	Drink	misc_character-and-meme
( 。・_・。)人(。・_・。 )	High Five	misc_character-and-meme
( ⌒o⌒)人(⌒-⌒ )v	High Five	misc_character-and-meme
(･_･”)/＼(･_･”)	High Five	misc_character-and-meme
(*´∀｀*人*´∀｀*)	High Five	misc_character-and-meme
（*＾ω＾）人（＾ω＾*）	High Five	misc_character-and-meme
(°◇°人°◇°)	High Five	misc_character-and-meme
(=´∀`)人(´∀‘=)	High Five	misc_character-and-meme
(○｀ε´○)／＼(○｀ε´○)	High Five	misc_character-and-meme
ヘ( ^o^)ノ＼(^_^ )	High Five	misc_character-and-meme
( ｡･_･｡)人(｡･_･｡ )	High Five	misc_character-and-meme
（　＾＾）人（＾＾　）	High Five	misc_character-and-meme
(・_・”)／＼(・_・”)	High Five	misc_character-and-meme
(((＠°▽°＠)八(＠°▽°＠)))	High Five	misc_character-and-meme
(((*°▽°*)八(*°▽°*)))♪	High Five	misc_character-and-meme
(*･∀･)／＼(･∀･*)	High Five	misc_character-and-meme
（＾▽＾）／＼（＾▽＾）	High Five	misc_character-and-meme
(*^o^)人(^o^*)	High Five	misc_character-and-meme
(◎｀・ω・´)人(´・ω・｀*)	High Five	misc_character-and-meme
／(v x v｡)人(｡v x v)＼	High Five	misc_character-and-meme
＼（★´−｀）人（´▽｀★）／	High Five	misc_character-and-meme
☆-(ノﾟДﾟ)八(ﾟДﾟ )ノ	High Five	misc_character-and-meme
♡(*´∀｀*)人(*´∀｀*)♡	High Five	misc_character-and-meme
♪ヽ( ⌒o⌒)人(⌒-⌒ )v ♪	High Five	misc_character-and-meme
ヽ（　＾＾）人（＾＾　）ノ	High Five	misc_character-and-meme
ヽ(^ω^)人(^▽、^)ﾉ	High Five	misc_character-and-meme
ヽ(*^ｰ^)人(^ｰ^*)ノ	High Five	misc_character-and-meme
ヽ(∀゜ )人( ゜∀)ノ	High Five	misc_character-and-meme
♪(((#^-^)八(^_^*)))♪	High Five	misc_character-and-meme
(๑ ⁍̥̥̥᷅ ᴈ⁍̥̥̥᷅)人(⁌̥̥̥᷄ε ⁌̥̥̥᷄ ๑)ｰ	High Five	misc_character-and-meme
(｡• ̀д•́) 人 (•̀ω•́ )ﾊﾞ	High Five	misc_character-and-meme
ヾ(*⌒∇⌒)八(⌒∇⌒*)ツ	High Five	misc_character-and-meme
♪～(◔◡◔ิ)人(╹◡╹๑)～♪	High Five	misc_character-and-meme
ヾ(●･ｖ･人･ｖ･○)ﾉ	High Five	misc_character-and-meme
(▼▽▼)人(▼▽▼)	High Five	misc_character-and-meme
ヾ(●ﾟvﾟ)人(ﾟvﾟ○)ﾉ	High Five	misc_character-and-meme
(v´∀｀)ﾊ(´∀｀v)	High Five	misc_character-and-meme
(*●ω●)人(●ω●*)	High Five	misc_character-and-meme
(●゜□゜)人(゜□゜○)	High Five	misc_character-and-meme
(=゜ω゜)人(゜ω゜=)	High Five	misc_character-and-meme
ヽ(○｀･ェ･)人(･ェ･´●)ノ	High Five	misc_character-and-meme
|*゜ロ゜|人|゜ロ゜*|	High Five	misc_character-and-meme
♪(o=゜▽゜)人(゜▽゜=o)♪	High Five	misc_character-and-meme
(v〃∇〃)ハ(〃∇〃v)	High Five	misc_character-and-meme
ヾ(★´Д)人(Д｀☆)ノ゛	High Five	misc_character-and-meme
(♯ゝωσ♯)人(＋＞∀＜＋)ノ	High Five	misc_character-and-meme
(＊´ω｀人´∀｀＊)	High Five	misc_character-and-meme
(*・▽・)／＼(･▽･*）	High Five	misc_character-and-meme
┌|*゜ロ゜|人|゜ロ゜*|┐	High Five	misc_character-and-meme
ヽ（●´∀｀）人（´∀｀●）ノ	High Five	misc_character-and-meme
＼(#´▽｀)人(´▽｀#)ノ	High Five	misc_character-and-meme
＼(*｀∀´)人(｀∀´*)／	High Five	misc_character-and-meme
(*´∀｀)人(´∀｀*)	High Five	misc_character-and-meme
(ノ＾ω＾)ハ(＾ω＾ )ノ	High Five	misc_character-and-meme
(●ゝω)ノヽ(∀＜●)	High Five	misc_character-and-meme
!!(vﾟｰﾟ)ﾊ(ﾟ▽ﾟv)	High Five	misc_character-and-meme
	High Five	misc_character-and-meme
｡*:★(´・ω・人・ω・`)｡:゜★｡	High Five	misc_character-and-meme
ヽ(　 ω )人(  ▽、  )ﾉ	High Five	misc_character-and-meme
♪♪♪ Ｕ・ｪ・Ｕ人(^･x･^=) ♪♪♪	High Five	misc_character-and-meme
（○・▽・○）人（●・▽・●）ノ	High Five	misc_character-and-meme
└(^o^ )Ｘ( ^o^)┘	Holding Hands	misc_character-and-meme
＼（＾∀＾）メ（＾∀＾）ノ	Holding Hands	misc_character-and-meme
ヾ(￣ー￣)X(^∇^)ゞ	Holding Hands	misc_character-and-meme
‹(⁽˙́ʷ˙̀⁾ )∨( ⁽˙́ʷ˙̀⁾)›	Holding Hands	misc_character-and-meme
(ી(΄◞ิ౪◟ิ‵)ʃ) (ી(΄◞ิ౪◟ิ‵)ʃ)	Holding Hands	misc_character-and-meme
(*◑∇◑)☞☜(◐∇◐*)	Holding Hands	misc_character-and-meme
ヽ(ﾟ▽ﾟ*)乂(*ﾟ▽ﾟ)ﾉ	Holding Hands	misc_character-and-meme
☆(*^o^)乂(^-^*)☆	Holding Hands	misc_character-and-meme
☆^v(*^∇’)乂(‘∇^*)v^☆	Holding Hands	misc_character-and-meme
(ﾉ*´･、>･)乂(・ι_・｀*)ﾉ	Holding Hands	misc_character-and-meme
━(p´･∀･)乂(･∀･｀q)━	Holding Hands	misc_character-and-meme
(ﾉ￣∇￣)乂(￣ｰ￣ )ﾉ	Holding Hands	misc_character-and-meme
♪(・∀・*)乂(*・∀・)ノ	Holding Hands	misc_character-and-meme
	Holding Hands	misc_character-and-meme
( ͡ຈ╭͜ʖ╮͡ຈ )	The Lenny Face	misc_character-and-meme
( ͡ಠ ʖ̯ ͡ಠ)	The Lenny Face	misc_character-and-meme
( ͡~ ͜ʖ ͡~)	The Lenny Face	misc_character-and-meme
( ͡~ ͜ʖ ͡°)	The Lenny Face	misc_character-and-meme
( ͠° ͟ʖ ͡°)	The Lenny Face	misc_character-and-meme
( ͡ʘ╭͜ʖ╮͡ʘ)	The Lenny Face	misc_character-and-meme
( ͝סּ ͜ʖ͡סּ)	The Lenny Face	misc_character-and-meme
( ͡ᵔ ͜ʖ ͡ᵔ )	The Lenny Face	misc_character-and-meme
( ͡^ ͜ʖ ͡^ )	The Lenny Face	misc_character-and-meme
[̲̅$̲̅(̲̅ ͡° ͜ʖ ͡°̲̅)̲̅$̲̅]	The Lenny Face	misc_character-and-meme
( ͡ຈ ͜ʖ ͡ຈ)	The Lenny Face	misc_character-and-meme
( ͡° ʖ̯ ͡°)	The Lenny Face	misc_character-and-meme
( ͡ ͜ʖ ͡ )	The Lenny Face	misc_character-and-meme
(☞ ͡° ͜ʖ ͡°)☞	The Lenny Face	misc_character-and-meme
ᕕ( ͡° ͜ʖ ͡° )ᕗ	The Lenny Face	misc_character-and-meme
( ͡° ͜ʖ ͡°)	The Lenny Face	misc_character-and-meme
( ͡°╭͜ʖ╮͡° )	The Lenny Face	misc_character-and-meme
(▀ ͜ʖ ͡°)	The Lenny Face	misc_character-and-meme
(つ ͡° ͜ʖ ͡°)つ	The Lenny Face	misc_character-and-meme
( ͡⚆ ͜ʖ ͡⚆)	The Lenny Face	misc_character-and-meme
¯\_( ͠° ͟ʖ °͠ )_/¯	The Lenny Face	misc_character-and-meme
( ͡° ͜ʖ ( ͡° ͜ʖ ( ͡° ͜ʖ ( ͡° ͜ʖ ͡°) ͜ʖ ͡°)ʖ ͡°)ʖ ͡°)	The Lenny Face	misc_character-and-meme
༼ ºل͟º ༽	ヽ༼ຈل͜ຈ༽ﾉ Raise Your Dongers ヽ༼ຈل͜ຈ༽ﾉ	misc_character-and-meme
┌༼ຈل͜ຈ༽┐	ヽ༼ຈل͜ຈ༽ﾉ Raise Your Dongers ヽ༼ຈل͜ຈ༽ﾉ	misc_character-and-meme
༼ ಠل͟ಠ༽	ヽ༼ຈل͜ຈ༽ﾉ Raise Your Dongers ヽ༼ຈل͜ຈ༽ﾉ	misc_character-and-meme
୧༼ ͡◉ل͜ ͡◉༽୨	ヽ༼ຈل͜ຈ༽ﾉ Raise Your Dongers ヽ༼ຈل͜ຈ༽ﾉ	misc_character-and-meme
ヽ༼ ಠ益ಠ ༽ﾉ	ヽ༼ຈل͜ຈ༽ﾉ Raise Your Dongers ヽ༼ຈل͜ຈ༽ﾉ	misc_character-and-meme
༼ ༎ຶ ෴ ༎ຶ༽	ヽ༼ຈل͜ຈ༽ﾉ Raise Your Dongers ヽ༼ຈل͜ຈ༽ﾉ	misc_character-and-meme
༼ ༏༏ີཻ༾ﾍ ༏༏ີཻ༾༾༽༽	ヽ༼ຈل͜ຈ༽ﾉ Raise Your Dongers ヽ༼ຈل͜ຈ༽ﾉ	misc_character-and-meme
༼･ิɷ･ิ༽	ヽ༼ຈل͜ຈ༽ﾉ Raise Your Dongers ヽ༼ຈل͜ຈ༽ﾉ	misc_character-and-meme
༼ ͒ ̶ ͒༽	ヽ༼ຈل͜ຈ༽ﾉ Raise Your Dongers ヽ༼ຈل͜ຈ༽ﾉ	misc_character-and-meme
༼༼;; ;°;ਊ°;༽	ヽ༼ຈل͜ຈ༽ﾉ Raise Your Dongers ヽ༼ຈل͜ຈ༽ﾉ	misc_character-and-meme
༼( ⁍ืེ – ⁍ื༽༽	ヽ༼ຈل͜ຈ༽ﾉ Raise Your Dongers ヽ༼ຈل͜ຈ༽ﾉ	misc_character-and-meme
༼•͟ ͜ •༽	ヽ༼ຈل͜ຈ༽ﾉ Raise Your Dongers ヽ༼ຈل͜ຈ༽ﾉ	misc_character-and-meme
༼•̃͡ ɷ•̃͡༽	ヽ༼ຈل͜ຈ༽ﾉ Raise Your Dongers ヽ༼ຈل͜ຈ༽ﾉ	misc_character-and-meme
༼ ͒ ͓ ͒༽	ヽ༼ຈل͜ຈ༽ﾉ Raise Your Dongers ヽ༼ຈل͜ຈ༽ﾉ	misc_character-and-meme
༼༭ຶཬ༤ຶ༽	ヽ༼ຈل͜ຈ༽ﾉ Raise Your Dongers ヽ༼ຈل͜ຈ༽ﾉ	misc_character-and-meme
༼ꉺˇɷˇꉺ༽	ヽ༼ຈل͜ຈ༽ﾉ Raise Your Dongers ヽ༼ຈل͜ຈ༽ﾉ	misc_character-and-meme
༼இɷஇ༽	ヽ༼ຈل͜ຈ༽ﾉ Raise Your Dongers ヽ༼ຈل͜ຈ༽ﾉ	misc_character-and-meme
༼✷ɷ✷༽	ヽ༼ຈل͜ຈ༽ﾉ Raise Your Dongers ヽ༼ຈل͜ຈ༽ﾉ	misc_character-and-meme
༼ԾɷԾ༽	ヽ༼ຈل͜ຈ༽ﾉ Raise Your Dongers ヽ༼ຈل͜ຈ༽ﾉ	misc_character-and-meme
༼≖ɷ≖༽	ヽ༼ຈل͜ຈ༽ﾉ Raise Your Dongers ヽ༼ຈل͜ຈ༽ﾉ	misc_character-and-meme
༼ꉺ✺ꉺ༽	ヽ༼ຈل͜ຈ༽ﾉ Raise Your Dongers ヽ༼ຈل͜ຈ༽ﾉ	misc_character-and-meme
༼ꉺლꉺ༽	ヽ༼ຈل͜ຈ༽ﾉ Raise Your Dongers ヽ༼ຈل͜ຈ༽ﾉ	misc_character-and-meme
ヽ༼ຈل͜ຈ༽ﾉ	ヽ༼ຈل͜ຈ༽ﾉ Raise Your Dongers ヽ༼ຈل͜ຈ༽ﾉ	misc_character-and-meme
༼ꉺ౪ꉺ༽	ヽ༼ຈل͜ຈ༽ﾉ Raise Your Dongers ヽ༼ຈل͜ຈ༽ﾉ	misc_character-and-meme
༼ꉺεꉺ༽	ヽ༼ຈل͜ຈ༽ﾉ Raise Your Dongers ヽ༼ຈل͜ຈ༽ﾉ	misc_character-and-meme
༼;´༎ຶ ༎ຶ ༽	ヽ༼ຈل͜ຈ༽ﾉ Raise Your Dongers ヽ༼ຈل͜ຈ༽ﾉ	misc_character-and-meme
༼⁰o⁰；༽	ヽ༼ຈل͜ຈ༽ﾉ Raise Your Dongers ヽ༼ຈل͜ຈ༽ﾉ	misc_character-and-meme
༼(⁽͇ˊ̑⁾ ἴृ ⁽ˋ̑⁾͇)༽	ヽ༼ຈل͜ຈ༽ﾉ Raise Your Dongers ヽ༼ຈل͜ຈ༽ﾉ	misc_character-and-meme
˓ ू༼ ்ͦ॔ཀ ்ͦ॓ू༽	ヽ༼ຈل͜ຈ༽ﾉ Raise Your Dongers ヽ༼ຈل͜ຈ༽ﾉ	misc_character-and-meme
༼ ु ்ͦ॔ཫ ்ͦ॓༽ु˒˒	ヽ༼ຈل͜ຈ༽ﾉ Raise Your Dongers ヽ༼ຈل͜ຈ༽ﾉ	misc_character-and-meme
／༼ ༏༏ີཻ༾ﾍ ༏༏ີཻ༾༾༽༽	ヽ༼ຈل͜ຈ༽ﾉ Raise Your Dongers ヽ༼ຈل͜ຈ༽ﾉ	misc_character-and-meme
༼ ்ͦ॔ཫ ்ͦ॓༽	ヽ༼ຈل͜ຈ༽ﾉ Raise Your Dongers ヽ༼ຈل͜ຈ༽ﾉ	misc_character-and-meme
༼ᶿ᷇ཫᶿ᷆༽	ヽ༼ຈل͜ຈ༽ﾉ Raise Your Dongers ヽ༼ຈل͜ຈ༽ﾉ	misc_character-and-meme
༼  ऀืົཀ  ऀืົ༽	ヽ༼ຈل͜ຈ༽ﾉ Raise Your Dongers ヽ༼ຈل͜ຈ༽ﾉ	misc_character-and-meme
༼՟ິͫཀ՟ິͫ༽	ヽ༼ຈل͜ຈ༽ﾉ Raise Your Dongers ヽ༼ຈل͜ຈ༽ﾉ	misc_character-and-meme
ˋ̧̧̖⁽⁽༼ ु˳̮̑̈༽ु⁾⁾ˋ̧̧̖♪	ヽ༼ຈل͜ຈ༽ﾉ Raise Your Dongers ヽ༼ຈل͜ຈ༽ﾉ	misc_character-and-meme
༼❁ɷ❁༽	ヽ༼ຈل͜ຈ༽ﾉ Raise Your Dongers ヽ༼ຈل͜ຈ༽ﾉ	misc_character-and-meme
༼ ຶཽཀ ຶཽ༽	ヽ༼ຈل͜ຈ༽ﾉ Raise Your Dongers ヽ༼ຈل͜ຈ༽ﾉ	misc_character-and-meme
ヽ༼၀-၀༽ﾉ	ヽ༼ຈل͜ຈ༽ﾉ Raise Your Dongers ヽ༼ຈل͜ຈ༽ﾉ	misc_character-and-meme
༼(❛)㇁(❛)༽	ヽ༼ຈل͜ຈ༽ﾉ Raise Your Dongers ヽ༼ຈل͜ຈ༽ﾉ	misc_character-and-meme
ヽ༼⊙_⊙༽ﾉ	ヽ༼ຈل͜ຈ༽ﾉ Raise Your Dongers ヽ༼ຈل͜ຈ༽ﾉ	misc_character-and-meme
༼⺤`皿′⺤༽	ヽ༼ຈل͜ຈ༽ﾉ Raise Your Dongers ヽ༼ຈل͜ຈ༽ﾉ	misc_character-and-meme
ヽ༼࿃っ࿃༽ﾉ	ヽ༼ຈل͜ຈ༽ﾉ Raise Your Dongers ヽ༼ຈل͜ຈ༽ﾉ	misc_character-and-meme
ヽ༼௵ل͜௵༽ﾉ	ヽ༼ຈل͜ຈ༽ﾉ Raise Your Dongers ヽ༼ຈل͜ຈ༽ﾉ	misc_character-and-meme
༼ ºل͟º༼ ºل͟º ༽ºل͟º ༽ºل͟º ༽	ヽ༼ຈل͜ຈ༽ﾉ Raise Your Dongers ヽ༼ຈل͜ຈ༽ﾉ	misc_character-and-meme
༼つಠ益ಠ༽つ ─=≡ΣO))	ヽ༼ຈل͜ຈ༽ﾉ Raise Your Dongers ヽ༼ຈل͜ຈ༽ﾉ	misc_character-and-meme
༼⌐■ل͟■༽	ヽ༼ຈل͜ຈ༽ﾉ Raise Your Dongers ヽ༼ຈل͜ຈ༽ﾉ	misc_character-and-meme
༼ง=ಠ益ಠ=༽ง	ヽ༼ຈل͜ຈ༽ﾉ Raise Your Dongers ヽ༼ຈل͜ຈ༽ﾉ	misc_character-and-meme
╰༼=ಠਊಠ=༽╯	ヽ༼ຈل͜ຈ༽ﾉ Raise Your Dongers ヽ༼ຈل͜ຈ༽ﾉ	misc_character-and-meme
ᕙ༼*◕_◕*༽ᕤ	ヽ༼ຈل͜ຈ༽ﾉ Raise Your Dongers ヽ༼ຈل͜ຈ༽ﾉ	misc_character-and-meme
ヽ༼ಢ_ಢ༽ﾉ	ヽ༼ຈل͜ຈ༽ﾉ Raise Your Dongers ヽ༼ຈل͜ຈ༽ﾉ	misc_character-and-meme
ヽ༼ ʘ̚ل͜ʘ̚༼◕_◕༽◉_◔ ༽ﾉ	ヽ༼ຈل͜ຈ༽ﾉ Raise Your Dongers ヽ༼ຈل͜ຈ༽ﾉ	misc_character-and-meme
┌༼ ⊘ _ ⊘ ༽┐	ヽ༼ຈل͜ຈ༽ﾉ Raise Your Dongers ヽ༼ຈل͜ຈ༽ﾉ	misc_character-and-meme
༼ : ౦ ‸ ౦ : ༽	ヽ༼ຈل͜ຈ༽ﾉ Raise Your Dongers ヽ༼ຈل͜ຈ༽ﾉ	misc_character-and-meme
༼∗ღ۝ღ∗༽	ヽ༼ຈل͜ຈ༽ﾉ Raise Your Dongers ヽ༼ຈل͜ຈ༽ﾉ	misc_character-and-meme
༼ง ͠ຈ ͟ل͜ ͠ຈ༽o:[]:::::::>	ヽ༼ຈل͜ຈ༽ﾉ Raise Your Dongers ヽ༼ຈل͜ຈ༽ﾉ	misc_character-and-meme
༼ᕗຈل͜ຈ༽ᕗ	ヽ༼ຈل͜ຈ༽ﾉ Raise Your Dongers ヽ༼ຈل͜ຈ༽ﾉ	misc_character-and-meme
ヽ༼ຈل͜ರೃ༽ﾉ	ヽ༼ຈل͜ຈ༽ﾉ Raise Your Dongers ヽ༼ຈل͜ຈ༽ﾉ	misc_character-and-meme
ヽヽ༼༼ຈຈل͜ل͜ຈຈ༽༽ﾉﾉ	ヽ༼ຈل͜ຈ༽ﾉ Raise Your Dongers ヽ༼ຈل͜ຈ༽ﾉ	misc_character-and-meme
༼ ᕤ◕◡◕ ༽ᕤ	ヽ༼ຈل͜ຈ༽ﾉ Raise Your Dongers ヽ༼ຈل͜ຈ༽ﾉ	misc_character-and-meme
ᕙ༼˵͠ ͠°ل͜͠ ͠°˵༽ᕗ	ヽ༼ຈل͜ຈ༽ﾉ Raise Your Dongers ヽ༼ຈل͜ຈ༽ﾉ	misc_character-and-meme
ᕦ༼::ಥ෴ಠೃ::༽ノ	ヽ༼ຈل͜ຈ༽ﾉ Raise Your Dongers ヽ༼ຈل͜ຈ༽ﾉ	misc_character-and-meme
༼ •̀ ں •́ ༽	ヽ༼ຈل͜ຈ༽ﾉ Raise Your Dongers ヽ༼ຈل͜ຈ༽ﾉ	misc_character-and-meme
♫ ┌༼ຈل͜ຈ༽┘ ♪	ヽ༼ຈل͜ຈ༽ﾉ Raise Your Dongers ヽ༼ຈل͜ຈ༽ﾉ	misc_character-and-meme
༼ ಥل͟ಥ ༽	ヽ༼ຈل͜ຈ༽ﾉ Raise Your Dongers ヽ༼ຈل͜ຈ༽ﾉ	misc_character-and-meme
༼ﾉƟ͆ل͜Ɵ͆༽ﾉ	ヽ༼ຈل͜ຈ༽ﾉ Raise Your Dongers ヽ༼ຈل͜ຈ༽ﾉ	misc_character-and-meme
༼୨Ɵ͆ل͜Ɵ͆༽୨	ヽ༼ຈل͜ຈ༽ﾉ Raise Your Dongers ヽ༼ຈل͜ຈ༽ﾉ	misc_character-and-meme
ヽ༼Ɵ͆ل͜Ɵ͆ヽ༽	ヽ༼ຈل͜ຈ༽ﾉ Raise Your Dongers ヽ༼ຈل͜ຈ༽ﾉ	misc_character-and-meme
୧༼Ɵ͆ل͜Ɵ͆୧༽	ヽ༼ຈل͜ຈ༽ﾉ Raise Your Dongers ヽ༼ຈل͜ຈ༽ﾉ	misc_character-and-meme
┌༼ຈل͜ຈ༽┘	ヽ༼ຈل͜ຈ༽ﾉ Raise Your Dongers ヽ༼ຈل͜ຈ༽ﾉ	misc_character-and-meme
へ༼ ✪ Ĺ̯ ✪ ༽و	ヽ༼ຈل͜ຈ༽ﾉ Raise Your Dongers ヽ༼ຈل͜ຈ༽ﾉ	misc_character-and-meme
c༼ ͡° ͜ʖ ͡° ༽⊃	ヽ༼ຈل͜ຈ༽ﾉ Raise Your Dongers ヽ༼ຈل͜ຈ༽ﾉ	misc_character-and-meme
༼ ಠ ͟ʖ ಠ ༽	ヽ༼ຈل͜ຈ༽ﾉ Raise Your Dongers ヽ༼ຈل͜ຈ༽ﾉ	misc_character-and-meme
୧༼ ”  ‸  ” ༽୨	ヽ༼ຈل͜ຈ༽ﾉ Raise Your Dongers ヽ༼ຈل͜ຈ༽ﾉ	misc_character-and-meme
¯\_༼ᴼل͜ᴼ༽_/¯	ヽ༼ຈل͜ຈ༽ﾉ Raise Your Dongers ヽ༼ຈل͜ຈ༽ﾉ	misc_character-and-meme
┏༼ ◉ ╭╮ ◉༽┓	ヽ༼ຈل͜ຈ༽ﾉ Raise Your Dongers ヽ༼ຈل͜ຈ༽ﾉ	misc_character-and-meme
ᕕ༼✿•̀︿•́༽ᕗ	ヽ༼ຈل͜ຈ༽ﾉ Raise Your Dongers ヽ༼ຈل͜ຈ༽ﾉ	misc_character-and-meme
└༼ •́ ͜ʖ •̀ ༽┘	ヽ༼ຈل͜ຈ༽ﾉ Raise Your Dongers ヽ༼ຈل͜ຈ༽ﾉ	misc_character-and-meme
୧༼ ヘ ᗜ ヘ ༽୨	ヽ༼ຈل͜ຈ༽ﾉ Raise Your Dongers ヽ༼ຈل͜ຈ༽ﾉ	misc_character-and-meme
༼ ◔ ͜ʖ ◔ ༽	ヽ༼ຈل͜ຈ༽ﾉ Raise Your Dongers ヽ༼ຈل͜ຈ༽ﾉ	misc_character-and-meme
╰༼⇀︿⇀༽つ-]═──	ヽ༼ຈل͜ຈ༽ﾉ Raise Your Dongers ヽ༼ຈل͜ຈ༽ﾉ	misc_character-and-meme
乁༼‿✿༽ㄏ	ヽ༼ຈل͜ຈ༽ﾉ Raise Your Dongers ヽ༼ຈل͜ຈ༽ﾉ	misc_character-and-meme
ヽ༼>ل͜<༽ﾉ	ヽ༼ຈل͜ຈ༽ﾉ Raise Your Dongers ヽ༼ຈل͜ຈ༽ﾉ	misc_character-and-meme
ɳ༼ຈل͜ຈ༽ɲ	ヽ༼ຈل͜ຈ༽ﾉ Raise Your Dongers ヽ༼ຈل͜ຈ༽ﾉ	misc_character-and-meme
¯\_༼ ି ~ ି ༽_/¯	ヽ༼ຈل͜ຈ༽ﾉ Raise Your Dongers ヽ༼ຈل͜ຈ༽ﾉ	misc_character-and-meme
ᕦ༼ ˵ ◯ ਊ ◯ ˵ ༽ᕤ	ヽ༼ຈل͜ຈ༽ﾉ Raise Your Dongers ヽ༼ຈل͜ຈ༽ﾉ	misc_character-and-meme
¯\_༼ ಥ ‿ ಥ ༽_/¯	ヽ༼ຈل͜ຈ༽ﾉ Raise Your Dongers ヽ༼ຈل͜ຈ༽ﾉ	misc_character-and-meme
༼♥ل͜♥༽	ヽ༼ຈل͜ຈ༽ﾉ Raise Your Dongers ヽ༼ຈل͜ຈ༽ﾉ	misc_character-and-meme
Ѱζ༼ᴼل͜ᴼ༽ᶘѰ	ヽ༼ຈل͜ຈ༽ﾉ Raise Your Dongers ヽ༼ຈل͜ຈ༽ﾉ	misc_character-and-meme
ζ༼Ɵ͆ل͜Ɵ͆༽ᶘ	ヽ༼ຈل͜ຈ༽ﾉ Raise Your Dongers ヽ༼ຈل͜ຈ༽ﾉ	misc_character-and-meme
ᕦ༼ ͡° ͜ ͝° ༽ᕤ	ヽ༼ຈل͜ຈ༽ﾉ Raise Your Dongers ヽ༼ຈل͜ຈ༽ﾉ	misc_character-and-meme
ヽ༼ ☭ل͜☭ ༽ﾉ	ヽ༼ຈل͜ຈ༽ﾉ Raise Your Dongers ヽ༼ຈل͜ຈ༽ﾉ	misc_character-and-meme
˓˓ ू༼ ⠁⃘ཀ ⠁⃘ू༽	ヽ༼ຈل͜ຈ༽ﾉ Raise Your Dongers ヽ༼ຈل͜ຈ༽ﾉ	misc_character-and-meme
༼ ु⠁⃘ཫ ⠁⃘༽ु˒˒	ヽ༼ຈل͜ຈ༽ﾉ Raise Your Dongers ヽ༼ຈل͜ຈ༽ﾉ	misc_character-and-meme
ᕕ༼ ͠ຈ Ĺ̯ ͠ຈ ༽┌∩┐	ヽ༼ຈل͜ຈ༽ﾉ Raise Your Dongers ヽ༼ຈل͜ຈ༽ﾉ	misc_character-and-meme
⋌༼ •̀ ⌂ •́ ༽⋋	ヽ༼ຈل͜ຈ༽ﾉ Raise Your Dongers ヽ༼ຈل͜ຈ༽ﾉ	misc_character-and-meme
└༼ ಥ ᗜ ಥ ༽┘	ヽ༼ຈل͜ຈ༽ﾉ Raise Your Dongers ヽ༼ຈل͜ຈ༽ﾉ	misc_character-and-meme
୧༼✿ ͡◕ д ◕͡ ༽୨	ヽ༼ຈل͜ຈ༽ﾉ Raise Your Dongers ヽ༼ຈل͜ຈ༽ﾉ	misc_character-and-meme
ᕙ༼=ݓ益ݓ=༽ᕗ	ヽ༼ຈل͜ຈ༽ﾉ Raise Your Dongers ヽ༼ຈل͜ຈ༽ﾉ	misc_character-and-meme
༼ ∗ ି ﹏ ି ∗ ༽	ヽ༼ຈل͜ຈ༽ﾉ Raise Your Dongers ヽ༼ຈل͜ຈ༽ﾉ	misc_character-and-meme
o͡͡͡╮༼ ʘ̆ ۝ ʘ̆ ༽╭o͡͡͡	ヽ༼ຈل͜ຈ༽ﾉ Raise Your Dongers ヽ༼ຈل͜ຈ༽ﾉ	misc_character-and-meme
o͡͡͡╮༼ • ʖ̯ • ༽╭o͡͡͡	ヽ༼ຈل͜ຈ༽ﾉ Raise Your Dongers ヽ༼ຈل͜ຈ༽ﾉ	misc_character-and-meme
ヽ༼ຈل͜ຈ༽ﾉ гคเรє ๏г ๔เє ヽ༼ຈل͜ຈ༽ﾉ	ヽ༼ຈل͜ຈ༽ﾉ Raise Your Dongers ヽ༼ຈل͜ຈ༽ﾉ	misc_character-and-meme
༼ ºل͟º ༼ ºل͟º ༼ ºل͟º ༽ ºل͟º ༽ ºل͟º ༽	ヽ༼ຈل͜ຈ༽ﾉ Raise Your Dongers ヽ༼ຈل͜ຈ༽ﾉ	misc_character-and-meme
༼ ºل͟º༼ ºل͟º( ͡° ͜ʖ ͡°)ºل͟º ༽ºل͟º ༽	ヽ༼ຈل͜ຈ༽ﾉ Raise Your Dongers ヽ༼ຈل͜ຈ༽ﾉ	misc_character-and-meme
ヽ༼ ‿༼ ಠ益ಠ༽◕ل͜◕༽つ	ヽ༼ຈل͜ຈ༽ﾉ Raise Your Dongers ヽ༼ຈل͜ຈ༽ﾉ	misc_character-and-meme
(ﾉ≧∀≦)ﾉ・‥…━━━★	Star Magic	misc_character-and-meme
o͡͡͡╮༼ ಠДಠ ༽╭o͡͡͡━☆ﾟ.*･｡ﾟ	Star Magic	misc_character-and-meme
༼∩✿ل͜✿༽⊃━☆ﾟ. * ･ ｡ﾟ	Star Magic	misc_character-and-meme
༼(∩ ͡°╭͜ʖ╮͡ ͡°)༽⊃━☆ﾟ. * ･ ｡ﾟ	Star Magic	misc_character-and-meme
ᕦ( ✿ ⊙ ͜ʖ ⊙ ✿ )━☆ﾟ.*･｡ﾟ	Star Magic	misc_character-and-meme
(∩｀-´)⊃━☆ﾟ.*･｡ﾟ	Star Magic	misc_character-and-meme
༼∩☉ل͜☉༽⊃━☆ﾟ. * ･ ｡ﾟ	Star Magic	misc_character-and-meme
╰( ͡° ͜ʖ ͡° )つ──☆*:・ﾟ	Star Magic	misc_character-and-meme
(∩ ͡° ͜ʖ ͡°)⊃━☆ﾟ	Star Magic	misc_character-and-meme
੭•̀ω•́)੭̸*✩⁺˚	Star Magic	misc_character-and-meme
(੭ˊ͈ ꒵ˋ͈)੭̸*✧⁺˚	Star Magic	misc_character-and-meme
✩°｡⋆⸜(ू｡•ω•｡)	Star Magic	misc_character-and-meme
ヽ༼ຈل͜ຈ༽⊃─☆*:・ﾟ	Star Magic	misc_character-and-meme
╰(•̀ 3 •́)━☆ﾟ.*･｡ﾟ	Star Magic	misc_character-and-meme
(*’▽’)ノ＾—==ΞΞΞ☆	Star Magic	misc_character-and-meme
(੭•̀ω•́)੭̸*✩⁺˚	Star Magic	misc_character-and-meme
(っ・ω・）っ≡≡≡≡≡≡☆	Star Magic	misc_character-and-meme
. * ･ ｡ﾟ☆━੧༼ •́ ヮ •̀ ༽୨	Star Magic	misc_character-and-meme
༼∩ •́ ヮ •̀ ༽⊃━☆ﾟ. * ･ ｡ﾟ	Star Magic	misc_character-and-meme
(⊃｡•́‿•̀｡)⊃━☆ﾟ.*･｡ﾟ	Star Magic	misc_character-and-meme
(○´･∀･)o<･。:*ﾟ;+．	Star Magic	misc_character-and-meme
＝＝＝＝☆┣o(´(００)｀ )	Star Magic	misc_character-and-meme
★≡≡＼（`△´＼）	Star Magic	misc_character-and-meme
( ◔ ౪◔)⊃━☆ﾟ.*・	Star Magic	misc_character-and-meme
彡ﾟ◉ω◉ )つー☆*	Star Magic	misc_character-and-meme
(☆_・)・‥…━━━★	Star Magic	misc_character-and-meme
(つ◕౪◕)つ━☆ﾟ.*･｡ﾟ	Star Magic	misc_character-and-meme
(つ˵•́ω•̀˵)つ━☆ﾟ.*･｡ﾟ҉̛༽̨҉҉ﾉ	Star Magic	misc_character-and-meme
✩°｡⋆⸜(ू˙꒳​˙ )	Star Magic	misc_character-and-meme
╰( ⁰ ਊ ⁰ )━☆ﾟ.*･｡ﾟ	Star Magic	misc_character-and-meme
(-_-)~~~○━━━━━☆)ﾟOﾟ)	Star Magic	misc_character-and-meme
(/￣ー￣)/‥∵:*:☆*゜★。：：＊☆	Star Magic	misc_character-and-meme
(*￣ー￣*)/~~☆’.･.･:★’.･.･:☆’.･.･:★	Star Magic	misc_character-and-meme
(ﾉ｀ゝ(ｪ)・)ﾉ･*:..｡o○☆*ﾟ+.☆｡+ﾟ	Star Magic	misc_character-and-meme
(ﾉ>ω<)ﾉ :｡･:*:･ﾟ’★,｡･:*:♪･ﾟ’☆	Star Magic	misc_character-and-meme
!!(*ﾉ´∀｀)ﾉ‥‥…━━━━━☆	Star Magic	misc_character-and-meme
(┛｀Д´)┛・‥…━━━★)´∀｀ﾉ)ﾉ	Star Magic	misc_character-and-meme
(σ´Д｀)σ・・・・…━━━━☆	Star Magic	misc_character-and-meme
(∩,,◕◞౪◟◕)⊃━☆+ ﾟ .+ .ﾟ.ﾟ｡ ﾟ ｡. +ﾟ ｡ﾟ.ﾟ｡☆*｡｡ . ｡ o .｡ﾟ｡.o｡* ｡ .｡	Star Magic	misc_character-and-meme
(❀∩´◔‿ゝ◔`⑅)⊃―☆　*’“*:.｡. .｡.:*･゜ﾟ･♡♪+*.	Star Magic	misc_character-and-meme
(＠・｀ω・)v・・・．．．…━━━☆	Star Magic	misc_character-and-meme
＼_(￣、￣ 彡 ￣ー￣)_／ －☆・　・　・　‥……━━●	Star Magic	misc_character-and-meme
( ╹◡╹)っー’･*:.｡. .｡.:*･゜ﾟ･* ξ(╹-╹｡ζ	Star Magic	misc_character-and-meme
（＃￣□￣）＾ｏ―∈‥・・━━━━━━━☆	Star Magic	misc_character-and-meme
(ノﾟ∀ﾟ)ノ⌒･*:.｡. .｡.:*･゜ﾟ･*☆	Star Magic	misc_character-and-meme
(｀・ω・)メ＝＝＝＝＝＝＝＝＝＝＝*;’*’;☆	Star Magic	misc_character-and-meme
!!(ﾉﾟﾛﾟ)o･：*‥…━━━☆)ﾟ3ﾟ(★━━━…‥*：･o(ﾟﾛﾟヽ)	Star Magic	misc_character-and-meme
(´ﾉ･ω･｀)ﾉ・‥…━━━★ﾟ+.・‥…━━━★ﾟ+.・‥…━━━★ﾟ+	Star Magic	misc_character-and-meme
（ノ・＿・）．．．．．．━━━━━━━　☆－＼☆（・＿＼）	Star Magic	misc_character-and-meme
炎炎炎炎☆┣o(･ω･ )	Fire Magic	misc_character-and-meme
(*｀□)<炎炎炎炎	Fire Magic	misc_character-and-meme
(∩｀-´)⊃━炎炎炎炎炎	Fire Magic	misc_character-and-meme
	Fire Magic	misc_character-and-meme
(ﾉ･ｪ･)ﾉ –==≡炎炎炎炎炎炎炎炎ヽ(ﾟД~ )ﾉ炎炎炎	Fire Magic	misc_character-and-meme
(ﾉ≧∀≦)ﾉ・‥…炎炎炎炎炎炎炎炎	Fire Magic	misc_character-and-meme
ᕦ( ✿ ⊙ ͜ʖ ⊙ ✿ )━炎炎炎炎炎炎炎炎	Fire Magic	misc_character-and-meme
(∩ ͡° ͜ʖ ͡°)⊃━炎炎炎炎炎炎炎炎	Fire Magic	misc_character-and-meme
ヽ༼ຈل͜ຈ༽⊃─炎炎炎炎炎炎炎炎	Fire Magic	misc_character-and-meme
(੭•̀ω•́)੭̸*炎炎炎炎炎炎炎	Fire Magic	misc_character-and-meme
(┛｀Д´)┛・‥…炎炎炎炎炎炎炎	Fire Magic	misc_character-and-meme
ପ(⚈᷉ʙ⚈᷉)੭̸୫炎炎炎炎炎炎炎	Fire Magic	misc_character-and-meme
“ψ(｀∇´)ψ	Evil Hands	misc_character-and-meme
(ц｀ω´ц*)	Evil Hands	misc_character-and-meme
ψ(*｀ー´)ψ	Evil Hands	misc_character-and-meme
ψ(｀∇´)ψ	Evil Hands	misc_character-and-meme
Ψ(｀▽´)Ψ	Evil Hands	misc_character-and-meme
Ψ(｀◇´)Ψ	Evil Hands	misc_character-and-meme
(屮｀∀´)屮	Evil Hands	misc_character-and-meme
Щ(･｀ω´･Щ)	Evil Hands	misc_character-and-meme
Ψ(￣∀￣)Ψ	Evil Hands	misc_character-and-meme
Ψ(☆ｗ☆)Ψ	Evil Hands	misc_character-and-meme
Ψ( ●｀▽´● )Ψ	Evil Hands	misc_character-and-meme
ψ（｀Д´）ψ	Evil Hands	misc_character-and-meme
ლ(｀∀´ლ)	Evil Hands	misc_character-and-meme
＜(●｀∀´●)＞”	Evil Hands	misc_character-and-meme
o(○｀ω´○)9	Evil Hands	misc_character-and-meme
ρ(｀.´)ρ	Evil Hands	misc_character-and-meme
(○｀ε´○)／＼(○｀ε´○)	Evil Teamwork	misc_character-and-meme
(*-`ω´- )人(*-`ω´- )	Evil Teamwork	misc_character-and-meme
♫꒰･‿･๑꒱	Simple Clouds	misc_character-and-meme
꒰✘Д✘◍꒱	Simple Clouds	misc_character-and-meme
٩꒰ಂ❛ ▿❛ಂ꒱۶♡	Simple Clouds	misc_character-and-meme
꒰ *๑•ૅʖ̫•́๑꒱	Simple Clouds	misc_character-and-meme
꒰✩’ω`ૢ✩꒱	Simple Clouds	misc_character-and-meme
٩꒰๑ ´∇`๑꒱۶	Simple Clouds	misc_character-and-meme
꒰｡•`ｪ´•｡꒱۶	Simple Clouds	misc_character-and-meme
꒰๑ ᷄ω ᷅꒱	Simple Clouds	misc_character-and-meme
٩꒰๑• ̫•๑꒱۶♡	Simple Clouds	misc_character-and-meme
꒰(@｀꒳´)꒱	Simple Clouds	misc_character-and-meme
꒰๑•̮̮́౪•̮̮̀๑꒱	Simple Clouds	misc_character-and-meme
٩꒰๑• ³•๑꒱۶	Simple Clouds	misc_character-and-meme
꒰•ི̫͡ુ•ྀૂ꒱	Simple Clouds	misc_character-and-meme
꒰ღ˘‿˘ற꒱⃛	Simple Clouds	misc_character-and-meme
٩꒰ɵ̥̥▿ɵ̥̥●꒱۶	Simple Clouds	misc_character-and-meme
꒰˘̩̩̩⌣˘̩̩̩๑꒱♡	Simple Clouds	misc_character-and-meme
٩꒰ ̃•ε• ̃๑꒱۶⁼³₌₃	Simple Clouds	misc_character-and-meme
٩꒰ʘʚʘ๑꒱۶	Simple Clouds	misc_character-and-meme
꒰⌯͒•̩̩̩́ ˑ̫ •̩̩̩̀⌯͒꒱	Simple Clouds	misc_character-and-meme
٩꒰ ´ᆺ`꒱۶	Simple Clouds	misc_character-and-meme
ꉂꉂ꒰•̤▿•̤*ૢ꒱	Simple Clouds	misc_character-and-meme
꒰⌯͒•ɷ•⌯͒꒱	Simple Clouds	misc_character-and-meme
٩꒰ ˘ ³˘꒱۶~♡	Simple Clouds	misc_character-and-meme
꒰⑅ᵕ༚ᵕ꒱˖♡	Simple Clouds	misc_character-and-meme
꒰⑅•ᴗ•⑅꒱	Simple Clouds	misc_character-and-meme
٩꒰｡•‿•｡꒱۶	Simple Clouds	misc_character-and-meme
♡˖꒰ᵕ༚ᵕ⑅꒱	Simple Clouds	misc_character-and-meme
꒰●꒡ ̫ ꒡●꒱	Simple Clouds	misc_character-and-meme
٩꒰• ε •꒱۶⁼³	Simple Clouds	misc_character-and-meme
꒰⁎❛⃘ͫ ⍘⃘ ❛⃘ͫ⁎꒱	Simple Clouds	misc_character-and-meme
꒰•̫͡•ོ꒱	Simple Clouds	misc_character-and-meme
꒰⌯͒•·̫•⌯͒꒱	Simple Clouds	misc_character-and-meme
٩꒰´·⌢•｀꒱۶⁼³₌₃	Simple Clouds	misc_character-and-meme
꒰╬•᷅д•᷄╬꒱	Simple Clouds	misc_character-and-meme
ଽ꒰⌓̈ ॢ꒱ ̉ ̉	Simple Clouds	misc_character-and-meme
꒰⌗´͈ ᵕ ॣ`͈⌗꒱৩	Simple Clouds	misc_character-and-meme
꒰◍ᐡᐤᐡ◍꒱	Simple Clouds	misc_character-and-meme
꒰๑•௰•๑꒱	Simple Clouds	misc_character-and-meme
‘٩꒰｡•◡•｡꒱۶’	Simple Clouds	misc_character-and-meme
ᔪ꒰ ꒪ω꒪ |||꒱	Simple Clouds	misc_character-and-meme
꒰๑˃͈꒳˂͈๑꒱ﾉ*ﾞ̥	Simple Clouds	misc_character-and-meme
꒰´꒳`∗꒱	Simple Clouds	misc_character-and-meme
꒰´꒳`꒱	Simple Clouds	misc_character-and-meme
꒰∗´꒳`꒱	Simple Clouds	misc_character-and-meme
.꒰ϱ﹏-๑꒱‧*Zz｡	Simple Clouds	misc_character-and-meme
꒰⌯͒•̩̩̩́ ᴗ •̩̩̩̀⌯͒꒱	Simple Clouds	misc_character-and-meme
꒰๑•‧̮ૣ•ૣ๑꒱*･.｡	Simple Clouds	misc_character-and-meme
꒰✩˙˟˙✩꒱	Simple Clouds	misc_character-and-meme
*¨*•.¸꒰๑ ᷄ω ᷅꒱	Simple Clouds	misc_character-and-meme
♪.*⁽⁽ ◝꒰´꒳`∗꒱◟ ₎₎₊·*	Simple Clouds	misc_character-and-meme
꒰◍ᐡᐤᐡ◍꒱ᐝ.∗̥✩⁺˚⑅	Simple Clouds	misc_character-and-meme
꒰ ꒪⌑꒪꒱˖ꂚ*ᵎ	Simple Clouds	misc_character-and-meme
∠꒰’౪’꒱✧	Simple Clouds	misc_character-and-meme
꒰ •͈́ ̫ •͈̀ ꒱ˉ̞̭	Simple Clouds	misc_character-and-meme
⁽⁽꒰๑•‧̮ૣ•ૣ๑꒱⁾⁾	Simple Clouds	misc_character-and-meme
꒰๑꒪ɷ꒪꒱	Simple Clouds	misc_character-and-meme
꒰⁎❛⃘ੌ ᵕ ❛⃘ੌ⁎꒱	Simple Clouds	misc_character-and-meme
꒰⁎′̥̥̥ ⌑ ‵̥̥̥ ꒱	Simple Clouds	misc_character-and-meme
˖*٩꒰｡‾᷅⌑‾᷅｡;꒱۶ఽ*.·	Simple Clouds	misc_character-and-meme
꒰๑*´ᗜ`*꒱*›◡‹꒱꒱	Simple Clouds	misc_character-and-meme
*+:꒰◍•ᴗ•◍꒱:+*	Simple Clouds	misc_character-and-meme
꒰｡ › ·̮ ‹ ｡꒱	Simple Clouds	misc_character-and-meme
◟꒰⌳̈ ꒱	Simple Clouds	misc_character-and-meme
꒰๑͒•௰•๑͒꒱ℒℴѵℯ	Simple Clouds	misc_character-and-meme
꒰⁎❛⃘ੌ ⍘⃘ ❛⃘ੌ⁎꒱	Simple Clouds	misc_character-and-meme
ｑ꒰*ゝω・꒱ﾉ″	Simple Clouds	misc_character-and-meme
◟꒰∗⌵̈꒱◞✩◟꒰⌔̈∗꒱◞	Simple Clouds	misc_character-and-meme
꒰̤◴ㅈ◴̵̤꒱	Simple Clouds	misc_character-and-meme
꒰⍨꒱	Simple Clouds	misc_character-and-meme
꒰⑅ˊ͈ ˙̫ ˋ͈⑅꒱	Simple Clouds	misc_character-and-meme
꒰✪ૢꇵ✪ૢ꒱ෆ⃛	Simple Clouds	misc_character-and-meme
♫꒰･◡･๑꒱	Simple Clouds	misc_character-and-meme
꒰#’ω`#꒱੭	Simple Clouds	misc_character-and-meme
୧꒰๑͒•͈ꇵ͒•͈๑͒꒱୨ᵎᵎ✧	Simple Clouds	misc_character-and-meme
꒰⑅ᵕ༚ᵕ꒱˖♡ªʳⁱ૭ªᵗ°♡˖꒰ᵕ༚ᵕ⑅꒱	Simple Clouds	misc_character-and-meme
٩꒰ ˘ ³˘꒱۶ⒽⓤⒼ♥♡̷♡̷	Simple Clouds	misc_character-and-meme
˞͛꒰๑ऀ •̆ꈊ͒ू•̆๑ऀ꒱	Complex Clouds	misc_character-and-meme
꒰ ॢö৺ö ૢ๑꒱	Complex Clouds	misc_character-and-meme
꒰･᷄ु௰･᷅ू꒱	Complex Clouds	misc_character-and-meme
꒰｡•ॢ◡-ॢ｡꒱	Complex Clouds	misc_character-and-meme
꒰·͡ुˑ·ཻू꒱ෆ⃛	Complex Clouds	misc_character-and-meme
꒰•ू꒪͒·̫̮꒪͒•ू꒱	Complex Clouds	misc_character-and-meme
꒰♡ˊ͈ ु꒳ ूˋ͈꒱.⑅*♡	Complex Clouds	misc_character-and-meme
꒰๑͒•̀ुꇵ͒•꒱و ̑̑	Complex Clouds	misc_character-and-meme
͛꒰ू ऀ•̥́ꈊ͒ੁ•ૅू॰˳ऀ꒱ ͟͟͞ ̊ ̥ ̥	Complex Clouds	misc_character-and-meme
꒰ू•௰ू•๑꒱	Complex Clouds	misc_character-and-meme
꒰ෆ❛ั ु▿❛ั ु꒱	Complex Clouds	misc_character-and-meme
٩꒰･ัε･ั ꒱۶	Complex Clouds	misc_character-and-meme
٩꒰•௰︡๑꒱ु	Complex Clouds	misc_character-and-meme
ू꒰ꇐωꇐ ू꒱	Complex Clouds	misc_character-and-meme
ପ꒰⑅°͈꒳°͈꒱੭ु⁾⁾	Complex Clouds	misc_character-and-meme
꒰*⑅˃̶͈ ৺˂̶͈⑅꒱੭ु⁾⁾·°	Complex Clouds	misc_character-and-meme
˞͛꒰๑ऀ •̆ꈊ͒ू•̆๑ऀ꒱⁇	Complex Clouds	misc_character-and-meme
꒰๑͒ ु•ꇵ͒•`๑͒꒱	Complex Clouds	misc_character-and-meme
ᵎᵎᵎ꒰ฅ ͒•ૅꇵ͒•⌯͒꒱ฅ	Complex Clouds	misc_character-and-meme
꒰♡˃̶̤́ ॢ꒳ ॢ˂̶̤̀ ꒱·◌*.♡	Complex Clouds	misc_character-and-meme
꒰⁎ᵉ̷͈ ॣ꒵ ॢᵉ̷͈⁎꒱໊	Complex Clouds	misc_character-and-meme
⋆⑅˚₊*୧⃛꒰ɞ̴̶̷◟◞ʚ̴̶̷̷꒱୨⃛*₊˚	Complex Clouds	misc_character-and-meme
✬̴⃛꒰⁍̴ꈊ ॢ⁍̴⌯꒱	Complex Clouds	misc_character-and-meme
꒰•́ॢ৺•̀ॢ๑͒꒱	Complex Clouds	misc_character-and-meme
꒰◍•̤ु௰•̤ु꒱* ∗◌+*♡	Complex Clouds	misc_character-and-meme
ପ꒰*⑅ ॢ˘͈ꀧ˘͈ ॢ⑅꒱✩.*˚	Complex Clouds	misc_character-and-meme
˪৹⌵ೕ꒰๑•‧̮ૣ•ૣ๑꒱	Complex Clouds	misc_character-and-meme
↷꒰ू´•௰ू• `꒱↷	Complex Clouds	misc_character-and-meme
꒰๑⃙⃘ϱ॔꒳˘͈( ˘͈꒳˘͈๑⃙⃘꒱♡	Complex Clouds	misc_character-and-meme
❤︎⁄⁄꒰* ॢꈍ◡ꈍ ॢ꒱.*˚‧	Complex Clouds	misc_character-and-meme
·˚*୨୧꒰∗ɞ̴̶̷ु ·̮ ूɞ̴̶̷∗꒱୨୧*˚·	Complex Clouds	misc_character-and-meme
ू꒰΄ ิ̤۝ ิ ̤꒱ु	Complex Clouds	misc_character-and-meme
꒰ ்ͦੰ ⍘⃘  ்ͦੰ꒱	Complex Clouds	misc_character-and-meme
꒰ ॢ꒱˶´ꇵ͒`˶꒰ ॢ꒱	Complex Clouds	misc_character-and-meme
꒰๑ ̇̅ ॄ ̇̅๑꒱	Complex Clouds	misc_character-and-meme
꒰♡ᵒ̴̶̷ꇵ͒ᵒ̴̶̷♡꒱*ೄ˚	Complex Clouds	misc_character-and-meme
꒰ꄬຶູྀ ॄ ꄬຶູི ꒱	Complex Clouds	misc_character-and-meme
꒰ꄬຶູྀ ॄ ꄬຶູི ꒱ ⃛˚	Complex Clouds	misc_character-and-meme
꒰ ︠ु௰•꒱ु♡	Complex Clouds	misc_character-and-meme
*⋆⑅⃟◌˚꒰ˊૢᵕˋૢෆ꒱	Complex Clouds	misc_character-and-meme
⅀⑈꒰′Ꮌ̮‵꒵꒱՞	Complex Clouds	misc_character-and-meme
*͛꒰ू ऀ•̥́◟◞•ૅू॰˳ऀ꒱ ͟͟͞ ̊ ̥ ̥	Complex Clouds	misc_character-and-meme
꒰♡⌯́ॢ³⌯̀ॢ꒱	Complex Clouds	misc_character-and-meme
꒰ˇ❝͋ꊗ❝͋ˇ꒱ค˒˒	Complex Clouds	misc_character-and-meme
꒰ີ∗ˊ↥ˋ∗ ꒱ີˉ̶̡̭̭	Complex Clouds	misc_character-and-meme
◌ต꒰｡•̤༝•̤｡꒱ต◌	Complex Clouds	misc_character-and-meme
꒰(ू•‧̫•ू )꒱	Complex Clouds	misc_character-and-meme
꒰ ु•̫•̫ ु꒱	Complex Clouds	misc_character-and-meme
꒰੭ु ऀᵒ̴̶̷̤́ꋢᵒ̴̶̷̤̀ ऀ꒱੭ु⁾⁾	Complex Clouds	misc_character-and-meme
♡⃛=͟͟͞͞꒰ˇ❝͋ुꈊ❝͋ुˇ꒱⁼³₌₃	Complex Clouds	misc_character-and-meme
꒰⁎❛⃘ ⍘⃘ ❛⃘⁎꒱	Complex Clouds	misc_character-and-meme
꒰⌯͒ඹ ·̫ ඹ⌯͒꒱	Complex Clouds	misc_character-and-meme
*͛꒰ू ऀ•̥́◟◞•ૅू॰˳ऀ꒱ ͟͟͞ ̊ ̥ ̥	Complex Clouds	misc_character-and-meme
✧.*꒰⁎❝͋॔༶̶❝͋॓⁎ॢ꒱*·✧	Complex Clouds	misc_character-and-meme
꒰⁎˃ ॢꇴ ॢ˂⁎꒱➴ෆ⃛	Complex Clouds	misc_character-and-meme
Σ꒰๑•ॢд •ॢ๑꒱	Complex Clouds	misc_character-and-meme
꒰ ੭ु・ω ・꒱ ੭ु⁾⁾	Complex Clouds	misc_character-and-meme
꒰⁎ ✪̼ ◡ ✪̼` ⁎꒱﹡Տҽҽ վօմ⁎*✩	Complex Clouds	misc_character-and-meme
꒰·͡ुˑ·ཻू꒱*̫ෆ๋*̫꒰•ི̫͡ુ•ྀૂ꒱	Complex Clouds	misc_character-and-meme
꒰·͡ुˑ·ཻू꒱*̫ෆ๋*̫꒰•ི̫͡ુ•ྀૂ꒱*̫ෆ๋*̫꒰•̻̀ु•́ू໊꒱*̫ෆ๋*̫꒰•̹͡ु-ོू꒱*̫ෆ๋*̫꒰•̹͡ິु•ິू꒱	Complex Clouds	misc_character-and-meme
(╭╮)	X Eyes	misc_character-and-meme
(´×ω×`)	X Eyes	misc_character-and-meme
ヽ༼xل͜x༽ﾉ	X Eyes	misc_character-and-meme
(×_×;）	X Eyes	misc_character-and-meme
(´╹‸╹`)	X Eyes	misc_character-and-meme
(X_X) ☜ (◉▂◉ )	X Eyes	misc_character-and-meme
(×_×#	X Eyes	misc_character-and-meme
꒰ლ✘ㅿ✘ლ꒱	X Eyes	misc_character-and-meme
१|✘`皿′✘|५	X Eyes	misc_character-and-meme
(=ｘェｘ=)	X Eyes	misc_character-and-meme
(´×д×`三꒪д꒪ ;)	X Eyes	misc_character-and-meme
╭⊆╮	X Eyes	misc_character-and-meme
（x_x；）	X Eyes	misc_character-and-meme
(⁎×ㅂ×⁎)༘	X Eyes	misc_character-and-meme
(((＼（✘෴✘）／)))	X Eyes	misc_character-and-meme
‿	X Eyes	misc_character-and-meme
¿ⓧ_ⓧﮌ	X Eyes	misc_character-and-meme
⊆✕ڡ✕⊇	X Eyes	misc_character-and-meme
꒰✘Д✘◍꒱	X Eyes	misc_character-and-meme
(  ਊ )	X Eyes	misc_character-and-meme
( ×m×）	X Eyes	misc_character-and-meme
ヾ(×× ) ﾂ	X Eyes	misc_character-and-meme
⁽͑˙˟́˙̭˟̀˙⁾̉	X Eyes	misc_character-and-meme
Ｕ×Å×Ｕ	X Eyes	misc_character-and-meme
٩(×̯×)۶	X Eyes	misc_character-and-meme
c༽﹏༼ᓄ	X Eyes	misc_character-and-meme
･ﾟﾟ･(×_×)･ﾟﾟ･｡	X Eyes	misc_character-and-meme
╭( _ )╮	X Eyes	misc_character-and-meme
ヽ༼, ͡X ͜ʖ ͡X,༽ﾉ	X Eyes	misc_character-and-meme
┌╏_╏┘	X Eyes	misc_character-and-meme
(﹏)	X Eyes	misc_character-and-meme
୧|  ﹏  |୨	X Eyes	misc_character-and-meme
(  ︿  )	X Eyes	misc_character-and-meme
໒( ” x ͟ʖ x ” )७	X Eyes	misc_character-and-meme
║ : x ل͜ x : ║	X Eyes	misc_character-and-meme
୧༼ ”  ‸  ” ༽୨	X Eyes	misc_character-and-meme
(ꀻꎁꀻ )	X Eyes	misc_character-and-meme
╰▐  〜  ▐╯	X Eyes	misc_character-and-meme
( x ~ x )	X Eyes	misc_character-and-meme
（*ｘ＿ｘ）	X Eyes	misc_character-and-meme
（×ω×）	X Eyes	misc_character-and-meme
(×□×；)	X Eyes	misc_character-and-meme
∑(✘Д✘๑)	X Eyes	misc_character-and-meme
Σ(×_×;)!	X Eyes	misc_character-and-meme
¯\_|  〜  |_/¯	X Eyes	misc_character-and-meme
* ूི×̺͡×ू ྀ⁎*⁎ꂚ*ᵎᵎᵎ	X Eyes	misc_character-and-meme
꒰⁎×﹏×⁎꒱ ༘ؓ ँั๊ྃ	X Eyes	misc_character-and-meme
┌▒ ⊗ ▃ ⊗ ▒┐	X Eyes	misc_character-and-meme
（（（（（（BOMB）））））） ⌒⌒⌒⌒⌒／(x~x)＼	X Eyes	misc_character-and-meme
(#+_+)	+ Eyes	misc_character-and-meme
(+_+)	+ Eyes	misc_character-and-meme
(｡´✚ฺω✚ฺ｀｡)	+ Eyes	misc_character-and-meme
(´+ω+｀)	+ Eyes	misc_character-and-meme
༼ +ل͟+ ༽	+ Eyes	misc_character-and-meme
(+o+)	+ Eyes	misc_character-and-meme
Σ(＋Θ＋);	+ Eyes	misc_character-and-meme
ゞ(++) シ	+ Eyes	misc_character-and-meme
ᒄ₍⁽ˆ⁰ˆ⁾₎ᒃ♪♬	Christmas or Winter Holidays	misc_character-and-meme
⁝⁝⸃₍⁽΄˙̥΄ ⁾₎⸜	Christmas or Winter Holidays	misc_character-and-meme
˭̡̞(◞⁎˃ᆺ˂)◞₎₎=͟͟͞͞˳˚॰°ₒ৹๐	Christmas or Winter Holidays	misc_character-and-meme
ʕ”̮ुॽु✚⃞ྉ*✲ﾟ*｡⋆	Christmas or Winter Holidays	misc_character-and-meme
ʕ”̮ुॽु✚⃞ྉ	Christmas or Winter Holidays	misc_character-and-meme
ʕ•̫͡•ॽु✚⃞ྉ*✲ﾟ*｡⋆	Christmas or Winter Holidays	misc_character-and-meme
(◞ꈍ∇ꈍ)◞⋆**✚⃞ྉ	Christmas or Winter Holidays	misc_character-and-meme
(ㆆᴗㆆ)*✲ﾟ*｡⋆	Christmas or Winter Holidays	misc_character-and-meme
◝₍⁽⁺⁰꒳⁰⁾₎◜✧	Christmas or Winter Holidays	misc_character-and-meme
(╬ᇂ..ᇂ)o彡°	Christmas or Winter Holidays	misc_character-and-meme
℺ຶཽྈ”	Christmas or Winter Holidays	misc_character-and-meme
⋆ᗰદ૨૨ʏ⋆ᐠ₍⁽˚⑅̆˚⁾₎ᐟ⋆ᘓમ૨ıડτന੨ડ⋆	Christmas or Winter Holidays	misc_character-and-meme
∘⁖⁎⋆ᶿ̴̤᷇ ˒̫ ᶿ̴̤᷆⋆ᶿ̤᷇ ˓̫ ᶿ̤᷆⋆✶⁎∘	Christmas or Winter Holidays	misc_character-and-meme
* . ` ✧*♡ᑕू∙ો ੍✧ ✶ * .	Christmas or Winter Holidays	misc_character-and-meme
*ଘ(੭*ˊᵕˋ)੭* ੈ✩‧₊˚	Christmas or Winter Holidays	misc_character-and-meme
⁷₍⁽՚ᵕ՝⁾₎₇	Christmas or Winter Holidays	misc_character-and-meme
༶･･ᗰદ૨૨ʏ ᘓમ૨ıડτന੨ડ･･༶	Christmas or Winter Holidays	misc_character-and-meme
✩*⋆ ⍋*⋆⍋⋆*✩	Christmas or Winter Holidays	misc_character-and-meme
₍⁽⁰꒫⁰⁾₎◞❢	Christmas or Winter Holidays	misc_character-and-meme
*∘ˁ†∘✭‿✭∘†ˀ∘*	Christmas or Winter Holidays	misc_character-and-meme
༝﹡˖˟ ⸜₍⁽ˊ꒳ˋ⁾₎⸝ ༝﹡˖˟	Christmas or Winter Holidays	misc_character-and-meme
꜂₍⁽ˆ⁰ˆ⁾₎꜄	Christmas or Winter Holidays	misc_character-and-meme
*̣̥☆·͙̥‧‧̩̥·‧•̥̩̥͙‧·‧̩̥˟͙˟͙‧̩̥·‧•̥̩̥͙‧·‧̩̥‧·͙̥̣☆*̣̥	Christmas or Winter Holidays	misc_character-and-meme
⁄⁄ ⁄‹₍⁽⁰⁻⁰⁺⁾₎◟⁄⁄ ⁄⁄⁄	Christmas or Winter Holidays	misc_character-and-meme
｡*ﾟ✲*☆(๑òᆺó๑)｡*ﾟ✲*☆	Christmas or Winter Holidays	misc_character-and-meme
✚⃞ ⸌̷̻( ᷇ॢॢ ᷆◍)⸌̷̻	Christmas or Winter Holidays	misc_character-and-meme
✩̣̣̣̣̣ͯ┄•͙✧⃝•͙┄✩ͯ•͙͙✧⃝•͙͙✩ͯ┄•͙✧⃝•͙┄✩̣̣̣̣̣ͯ	Christmas or Winter Holidays	misc_character-and-meme
⚨˝	Christmas or Winter Holidays	misc_character-and-meme
(੭ ◕㉨◕)੭ =͟͟͞͞=͟͟͞͞三❆)’дº);,’:=͟͟͞͞	Christmas or Winter Holidays	misc_character-and-meme
῍̩̖̬ ̎=͟͟͞͞₍⁽̩̩̩͑*་˙̫༏*⁾̩̩̩̉₎	Christmas or Winter Holidays	misc_character-and-meme
(╯^□^)╯︵ 	Christmas or Winter Holidays	misc_character-and-meme
(　ﾟ∀ﾟ)っ由	Christmas or Winter Holidays	misc_character-and-meme
⸝₍̗⁽ˆ⁰ˆ⁾₎͕⸍∘˚˳°✧	Christmas or Winter Holidays	misc_character-and-meme
˓˓◝₍⁽ˆ⁰ˆ⁾₎◟˒˒	Christmas or Winter Holidays	misc_character-and-meme
(⑅ᵒ̴̶̷᷄ωᵒ̴̶̷᷅⊞ོॢ)fෆr yෆu⋆*⋆✩	Christmas or Winter Holidays	misc_character-and-meme
( ❅࿉❅)	Christmas or Winter Holidays	misc_character-and-meme
˳˚̊̊⌖∙◌˳˳̊̊̊˚˳̊◌˚̊⌖♡	Christmas or Winter Holidays	misc_character-and-meme
♡*⑅୨୧*̩̩̩̥✼•	Christmas or Winter Holidays	misc_character-and-meme
₍₍꜂₍⁽ˆ⁰ˆ⁾₎꜄₎₎	Christmas or Winter Holidays	misc_character-and-meme
₍₍◞₍⁽⁰ॕᵋ⁰ॕ⁺⁾₎◟₎₎⌕	Christmas or Winter Holidays	misc_character-and-meme
◞₍⁽⁺⁰꒵⁰⁾₎◟	Christmas or Winter Holidays	misc_character-and-meme
¸.•.¸¸୨˚̣̣̣͙୧¨*✼*¨୨˚̣̣̣͙୧¸¸.•.¸	Christmas or Winter Holidays	misc_character-and-meme
༓❅⃝༓༓࿇⃝༓༓❅⃝༓	Christmas or Winter Holidays	misc_character-and-meme
࿌ིྀ྇°˚࿅୧( ॑ധ ॑)୨࿅˳०࿌ིྀ྇	Christmas or Winter Holidays	misc_character-and-meme
❆(੭ु ◜◡‾)੭ु⁾❆	Christmas or Winter Holidays	misc_character-and-meme
	Christmas or Winter Holidays	misc_character-and-meme
·͙⁺˚*•̩̩͙✩•̩̩͙*˚⁺‧͙⁺˚*•̩̩͙✩•̩̩͙*˚⁺‧͙⁺˚*•̩̩͙✩•̩̩͙*˚⁺‧͙	Christmas or Winter Holidays	misc_character-and-meme
°☆*°☆*°☆*°☆*°☆*°☆*°☆*°☆
ꍈ｡*ꍈﾟꍈ｡*ꍈﾟꍈ｡*ꍈﾟꍈ｡*ꍈﾟꍈ｡*ꍈﾟꍈ｡
°☆*°☆*°☆*°☆*°☆*°☆*°☆*°☆	Christmas or Winter Holidays	misc_character-and-meme
*※*(。uωu)(uωu。)*※*　Мёγγч Х’мд∫	Christmas or Winter Holidays	misc_character-and-meme
ﾟ･:，｡★＼(*’v`*)♪merryXmas♪(*’v`*)/★，｡･:･ﾟ	Christmas or Winter Holidays	misc_character-and-meme
ﾟ･:*:･｡(〃･ω･)ﾉ由☆*:;;;:*Ｍｅｒｒｙ　Ｘ’ｍａｓ*:;;;:*☆由ヽ(･ω･〃)｡･:*:･ﾟ	Christmas or Winter Holidays	misc_character-and-meme
ﾟ･:*:･｡♪☆彡^･∋／[☆;:* Merry X’mas*:;☆ ]＼∈･^ミ☆♪｡･:*:･ﾟ	Christmas or Winter Holidays	misc_character-and-meme
･:★.．☆.;*≡ゝ(ﾟｖﾟ=)Merry( ﾟｖﾟ )X’mas(=ﾟ▽ﾟ)ﾉ`･:.☆．.;★*	Christmas or Winter Holidays	misc_character-and-meme
.｡+ﾟ*[o･ω･]ﾉ*мёЯЯЧ CнЯIsтмДs*.｡+ﾟ*	Christmas or Winter Holidays	misc_character-and-meme
。o○★ヾ(´ﾟ∀ﾟ`*)Ｍｅｒｒｙ☆ Ｘｍａｓ(*´ﾟ∀ﾟ`)★。o○	Christmas or Winter Holidays	misc_character-and-meme
(〃´ω)ﾉ『☆｡o○☆мёЯЯЧ χ’мдs☆○o｡☆』ヽ(ω`〃 )	Christmas or Winter Holidays	misc_character-and-meme
(☆`･Θ･)v[゜ﾟ*☆мёγγч Хмд∫☆*ﾟﾟ]v(･Θ･´★)	Christmas or Winter Holidays	misc_character-and-meme
(☆ﾟｖ｀)э【*:;:*мёяячｘ’мдｓ*:;:*】ε(´ｖ’☆)	Christmas or Winter Holidays	misc_character-and-meme
($’v｀d)･.｡*MёяячＸ’мдｓ*。.･(ｂ´ｖ’$)	Christmas or Winter Holidays	misc_character-and-meme
[｀+･ｖ･+]мёяяч　х’　мдs[+･ｖ･+´]	Christmas or Winter Holidays	misc_character-and-meme
｡.*:・’ﾟ:。'(((＋_＋)))｡.*:ﾟ･’ﾟﾟ:。’･ﾟ	Christmas or Winter Holidays	misc_character-and-meme
ヾ(☆ゝ∀・)ﾉ※ﾟﾟＳ｡*※Йﾟﾟ｡*※Оﾟﾟ｡※Ｗ*ヾ(ゝω・｀*)ﾉ	Christmas or Winter Holidays	misc_character-and-meme
゜｡*※Оﾟ｡※(*´-ω)个(ω-`*)ﾟ｡*※Оﾟ｡※	Christmas or Winter Holidays	misc_character-and-meme
(◎･ω･)っ〔ﾟ+｡ργё∫ёйт｡+ﾟ〕	Christmas or Winter Holidays	misc_character-and-meme
(yωy*) мёггу снгisтмдsﾟ･*:.｡. ☆	Christmas or Winter Holidays	misc_character-and-meme
o<( ´∀｀)っ┌iii┐　Ｍｅｒｒｙ　Ｘ’ｍａｓ	Christmas or Winter Holidays	misc_character-and-meme
ヾ(uωu*[++мёггу снгisтмдs++]*uωu)ﾉ	Christmas or Winter Holidays	misc_character-and-meme
ヾ(*´Д｀*)ノ*+:.★МёЯЯУ　X’маs☆.:+*ヾ(*´Д｀*)ノ	Christmas or Winter Holidays	misc_character-and-meme
Σ(★´・ェ・)=C<☆・゜:*мёяяу Ⅹмαδ*:゜・☆	Christmas or Winter Holidays	misc_character-and-meme
v(*´・ｖ・｀)φ…..|Мёγγё Х’мд∫☆|	Christmas or Winter Holidays	misc_character-and-meme
ཥ•̫͡•ཤ	Halloween	misc_character-and-meme
˓ ू༼ ்ͦ॔ཀ ்ͦ॓ू༽	Halloween	misc_character-and-meme
༼ ु ்ͦ॔ཫ ்ͦ॓༽ु˒˒	Halloween	misc_character-and-meme
(˼●̙̂ ̟ ̟̎ ̟ ̘●̂˻)	Halloween	misc_character-and-meme
[¬º-°]¬	Halloween	misc_character-and-meme
←～（o ｀▽´ )oΨ	Halloween	misc_character-and-meme
←~∋(｡Ψ▼ｰ▼)∈	Halloween	misc_character-and-meme
∋━━o(｀∀´oメ）～→	Halloween	misc_character-and-meme
(((༼•̫͡•༽)))	Halloween	misc_character-and-meme
ᕐ ̆̈͜͡ ᕐ ોु✩°｡⋆	Halloween	misc_character-and-meme
ヾ(◎o◎,,；)ﾉ	Halloween	misc_character-and-meme
(∴◎∀◎∴)	Halloween	misc_character-and-meme
(ﾉꐦ ◎曲◎)ﾉ	Halloween	misc_character-and-meme
( ⌒⃘ ◞⌓◟ ⌒⃘ )	Halloween	misc_character-and-meme
ヘ(◕。◕ヘ)	Halloween	misc_character-and-meme
↜(͛ ꒪͒৫͏̈́꒪͒)͛⌰	Halloween	misc_character-and-meme
ཥ•̬͡•ོཤ	Halloween	misc_character-and-meme
/╲/\╭ºoꍘoº╮/\╱\	Halloween	misc_character-and-meme
( ⌒⃘ ◞↭◟ ⌒⃘ )	Halloween	misc_character-and-meme
ʕ*̫͡*ʕ。oO	Halloween	misc_character-and-meme
/|\( ;,;)/|\	Halloween	misc_character-and-meme
(┏ `● .̫ ●)┏	Halloween	misc_character-and-meme
/╲/\╭( ͡° ͡° ͜ʖ ͡° ͡°)╮/\╱\	Halloween	misc_character-and-meme
/╲/\(╭•̀ﮧ •́╮)/\╱\	Halloween	misc_character-and-meme
/╲/\ºo;88;oº/\╱\	Halloween	misc_character-and-meme
／/＼/＼( ə ゝ ə )／\／\＼	Halloween	misc_character-and-meme
へ(❍∠❍)へ	Halloween	misc_character-and-meme
へ(oゝo)へ	Halloween	misc_character-and-meme
ᄽὁȍ ̪ őὀᄿ	Halloween	misc_character-and-meme
へ(⚈益⚈)へ	Halloween	misc_character-and-meme
m(~ー~m)～	Halloween	misc_character-and-meme
～(m~ー~)m	Halloween	misc_character-and-meme
m(~ｰ~m)~	Halloween	misc_character-and-meme
(◎皿◎)	Halloween	misc_character-and-meme
ʔ•̫͡•ཻʕ	Halloween	misc_character-and-meme
ꐑ(*ꐌ◡ꐌꐐ*)࿐࿔࿓	Halloween	misc_character-and-meme
m(@益@m)～	Halloween	misc_character-and-meme
(m▼w▼)m[ ☆･ﾟ:*нαΙΙощёёй*:ﾟ･☆]m(▼w▼m)	Halloween	misc_character-and-meme
【ﾟ+｡τγιсκ★σγ★τγεατﾟ+｡】Ψ(oﾟ∀ﾟo)Ψ	Halloween	misc_character-and-meme
～(☆´∀｀っ)っ【。:+:†+Тяiск оя Тяёат+†:+:゜】q(ゝε・★)～	Halloween	misc_character-and-meme
～(m`･Å･´)m *†*Тяiск оя тяёат*†* Ψ(ゝc_･´☆)	Halloween	misc_character-and-meme
人*´∀｀)＜Тяiск оя тяёат♪＞(´∀｀*人	Halloween	misc_character-and-meme
~ m(￣_￣m)~†┏┛墓┗┓†~(m￣_￣)m ~	Halloween	misc_character-and-meme
・・・・・～～～～～～～(m￣ー￣)m	Halloween	misc_character-and-meme
~~(m´□｀)/ﾟ･:*†┏┛呪┗┓†*:･ﾟ＼(´□｀m)~~	Halloween	misc_character-and-meme
m(ﾟДﾟm)～【†】～(m´ρ`)m	Halloween	misc_character-and-meme
