t(〃⊙౪ ∩＝)/	edge_cases_misc	edge_cases_misc
-(๑☆‿ ☆#)ᕗ	edge_cases_misc	edge_cases_misc
((☆＾⌓ ＾☆)╭	edge_cases_misc	edge_cases_misc
((o⊙Σ ⊙｡)m	edge_cases_misc	edge_cases_misc
｢(;´Σ ｀〃)ヘ	edge_cases_misc	edge_cases_misc
｢(#Φ益 Φo)∩	edge_cases_misc	edge_cases_misc
｢(＝＞o≦＝)ﾉ	edge_cases_misc	edge_cases_misc
~(｡☉︵ ಠ@)>	edge_cases_misc	edge_cases_misc
~(๑ñ﹏ ⊙☆)ノ	edge_cases_misc	edge_cases_misc
⊂(o•ิ▂ ñ*)づ	edge_cases_misc	edge_cases_misc
┗( ●-﹏ ｀｡)づ	edge_cases_misc	edge_cases_misc
╭ (oㅇ‿ o#)ᕗ	edge_cases_misc	edge_cases_misc
╮ (☆-_ ⊙;)ゞ	edge_cases_misc	edge_cases_misc
╰(๑＾⌓ ＾＝)ᕗ	edge_cases_misc	edge_cases_misc
ヾ (;・﹏ •̀☆)b	edge_cases_misc	edge_cases_misc
ヾ (✿＞﹏ ⊙〃)ノ	edge_cases_misc	edge_cases_misc
ヽ(♡≧m´｡)っ	edge_cases_misc	edge_cases_misc
m(★⊙¬ ㅇ ●)ლ	edge_cases_misc	edge_cases_misc
Ｏ(*＠д o#)づ	edge_cases_misc	edge_cases_misc
Ｏ(o＾O ｀;)人	edge_cases_misc	edge_cases_misc
Σ(@°xº♡)/	edge_cases_misc	edge_cases_misc
Σ(♡＠﹏ ＠☆)ﾉ”	edge_cases_misc	edge_cases_misc
Σ(๑+⌓ o｡)シ	edge_cases_misc	edge_cases_misc
φ( ●⌒へ ⌒〃)o	edge_cases_misc	edge_cases_misc
ψ(๑∩⌓ ∩ ●)y	edge_cases_misc	edge_cases_misc
щ (*ㅇ△ Φ☆)ノ	edge_cases_misc	edge_cases_misc
ლ (#｀ﾛ＾;)>	edge_cases_misc	edge_cases_misc
ᕙ (;｀⊥ ＾★)┐	edge_cases_misc	edge_cases_misc
ᕙ (✿⊙へ ⊙〃)	edge_cases_misc	edge_cases_misc
ᕙ (❁^д ^*)っ	edge_cases_misc	edge_cases_misc
ᕦ(;*Σ ⌒❁)ᕗ	edge_cases_misc	edge_cases_misc
へ( ●｀ㅅ ｀☆)ლ	edge_cases_misc	edge_cases_misc
へ(｡•ิ‿ -〃)	edge_cases_misc	edge_cases_misc
┗(•̀へ •́ ╮ )	edge_cases_misc	edge_cases_misc
╭( _ )╮	edge_cases_misc	edge_cases_misc
ヾ(･ω･｀*)【｡ﾟ+.нёllо｡ﾟ+.】(*´･ω･)ﾉﾞ	Hello	edge_cases_misc
ﾟ+｡нёllо☆(*-`ω´- )人(ц｀ω´ц*)нёllо☆｡+ﾟ	Hello	edge_cases_misc
(○≧з)○oо｡…【нёllо】…｡oо○(ω≦★)	Hello	edge_cases_misc
【o´∀｀】ﾉ┣┫Ё┗└О☆	Hello	edge_cases_misc
(◎´▽｀)ゞнёllо(´▽｀◎)нёllо	Hello	edge_cases_misc
♡հҽӀӀօ♡* ૂི•̮͡• ૂ ྀෆ⃛﹡೫٭ॢ*⋆♡⁎೨ ♡⃛ෆ͙⃛ ॢ٭ॢ*⋆♡⁎೨	Hello	edge_cases_misc
(☆´益`)c<【。+ﾟъойjоця。+ﾟ】	Hello	edge_cases_misc
|*｡´Д｀|┛<< +｡:.ﾟβyёβyё♪	Goodbye	edge_cases_misc
(*ﾟ∀ﾟ)っ［.+:｡★βyё βyё★.+:｡］	Goodbye	edge_cases_misc
(●´・∀・｀)ﾉ”βｙё-βｙё☆	Goodbye	edge_cases_misc
ﾟ+.βуёﾟ+.(つ●_｀*)ﾉ”ﾟ+.βуёﾟ+.	Goodbye	edge_cases_misc
|。･ω･|づ　βyё βyё☆彡	Goodbye	edge_cases_misc
(✿◕ ‿◕ฺ)ノ))｡₀: *ﾟ✲ฺβyё βyё✲ฺﾟ*:₀	Goodbye	edge_cases_misc
★ВУёヽ(‘∀`○)ﾉВУё☆	Goodbye	edge_cases_misc
ε(*´･∀･｀)зﾞβуёβуё”ε(´･∀･｀*)з	Goodbye	edge_cases_misc
ヾ(◆’｀◇)ｼ.+ﾟ*ВчёВчё｡:ﾟ+ヾ(◇´’◆)ｼ	Goodbye	edge_cases_misc
ヾ(ﾟεÅ) βyё βyё☆彡	Goodbye	edge_cases_misc
꒰⁎ ✪̼ ◡ ✪̼` ⁎꒱﹡Տҽҽ վօմ⁎*✩	Goodbye	edge_cases_misc
│*-ω-)ノβyё*･゜☆βyё.｡.:*･	Goodbye	edge_cases_misc
☆｡:*ﾟβуёβуё☆｡:*ﾟゞ(･ω･*ヽ)	Goodbye	edge_cases_misc
(●´卅｀)☆βｙё☆(´卅｀●)	Goodbye	edge_cases_misc
ε(*´・∀・)з゛βуё βуё”ε(・∀・｀*)з	Goodbye	edge_cases_misc
^(*･｡･)ﾉ~~~βｙё　βｙё♪	Goodbye	edge_cases_misc
┏|*´Д｀|´Д｀*|┛βЧёβЧё♪	Goodbye	edge_cases_misc
	Goodbye	edge_cases_misc
(人-ω-)｡o.ﾟ｡*･★βyё βyё★･*｡ﾟo｡(-ω-人)	Goodbye	edge_cases_misc
【o´Д｀o】†｡o○o｡SёёYou｡o○o｡†【o´Д｀o】	Goodbye	edge_cases_misc
ヾ(｡>д<)ﾉ *+:｡.｡:+*ВчёВчё*+:｡.｡:+* (ﾉД｀｡)ﾉｼ	Goodbye	edge_cases_misc
★☆。.:*:･”ﾟ★βyёヾ(*ﾟ∇ﾟ*)ﾉβyё★｡.:*:･”☆★	Goodbye	edge_cases_misc
★☆。.:*:･”ﾟ★βyёヾ(⌒∇⌒)ﾉβyё★｡.:*:･”☆★	Goodbye	edge_cases_misc
★☆。.:*:･”ﾟ★βyёヾ(o･(ェ)･o)ﾉβyё★｡.:*:･”☆★	Goodbye	edge_cases_misc
ε(●’-‘)з†.。*・☆вуe вуe☆･*｡.†ε(‘-’●)з	Goodbye	edge_cases_misc
ヾ(‘ｖ｀○((ﾟ+｡:.ﾟВЧЁ♪ВЧЁﾟ.:｡+ﾟ))○’ｖ｀)ｼ	Goodbye	edge_cases_misc
★☆。.:*:･”ﾟ★βyёヾ(⌒∇⌒)ﾉβyё★｡.:*:･”☆★	Goodbye	edge_cases_misc
★☆。.:*:･”ﾟ★βyёヾ(*ﾟ∇ﾟ*)ﾉβyё★｡.:*:･”☆★	Goodbye	edge_cases_misc
┃*´・ω・┠┛ﾟ･:,｡★ΒΥЁΒΥЁﾟ･:,｡★	Goodbye	edge_cases_misc
( ⊃・ω・)⊃	edge_cases_misc	edge_cases_misc
ヽ༼ຈل͜ຈ༽ﾉ	edge_cases_misc	edge_cases_misc
[+..••]	edge_cases_misc	edge_cases_misc
⊚⃝⸜(ू´•͈ω•͈⑅)	edge_cases_misc	edge_cases_misc
✎✐✎✐✎✐✎✐✎✐✎✐	edge_cases_misc	edge_cases_misc
( ˘ω˘ )ｼ ─=≡Σ((	edge_cases_misc	edge_cases_misc
(+[__]∙:∙)	edge_cases_misc	edge_cases_misc
|̲̅̅●̲̅̅|̲̅̅=̲̅̅|̲̅̅●̲̅̅|	edge_cases_misc	edge_cases_misc
⊚⃝⸜(ू｡∵｡) ⋆｡°✩	edge_cases_misc	edge_cases_misc
♧⃘	edge_cases_misc	edge_cases_misc
=͟͟͞͞ ⌧*Ժ⃒~ʓ⁂	edge_cases_misc	edge_cases_misc
 ˆ~ˆ	edge_cases_misc	edge_cases_misc
（•_•）	edge_cases_misc	edge_cases_misc
[( o/)]|::|[( o/)]	edge_cases_misc	edge_cases_misc
⚀⚁⚂⚃⚄⚅	edge_cases_misc	edge_cases_misc
( ＾◡＾)っ	edge_cases_misc	edge_cases_misc
[-c°▥°]-c	edge_cases_misc	edge_cases_misc
✩⃛ ⁝⁞⁝⁞Ⴇ౿౿⁙⁞⁝⁝◟(˟ε˟ ◟)՞՞	edge_cases_misc	edge_cases_misc
⁝⁞⁝⁞ʕु•̫͡•ʔु⁝⁞⁝⁝	edge_cases_misc	edge_cases_misc
[̲̅$̲̅(̲̅5̲̅)̲̅$̲̅]	edge_cases_misc	edge_cases_misc
[̲̅$̲̅(̲̅ ͡° ͜ʖ ͡°̲̅)̲̅$̲̅]	edge_cases_misc	edge_cases_misc
[̲̅$̲̅(̲̅10)̲̅$̲̅]	edge_cases_misc	edge_cases_misc
[̲̅$̲̅(̲̅20)̲̅$̲̅]	edge_cases_misc	edge_cases_misc
[̲̅$̲̅(̲̅5̲̅0)̲̅$̲̅]	edge_cases_misc	edge_cases_misc
[̲̅$̲̅(̲̅100)̲̅$̲̅]	edge_cases_misc	edge_cases_misc
┫￣旦￣┣	edge_cases_misc	edge_cases_misc
(っ´ω`)っ⊂(´ω`⊂ )	edge_cases_misc	edge_cases_misc
; ; ;(*･ω･)o个; ; ;	edge_cases_misc	edge_cases_misc
(◔ิ_◔)	edge_cases_misc	edge_cases_misc
ヽ(◣д◢)	edge_cases_misc	edge_cases_misc
━[＼/]━a(´ω｀*)	edge_cases_misc	edge_cases_misc
⊂( ･∀･) 彡　=͟͟͞͞ ⌧	edge_cases_misc	edge_cases_misc
＼( *ω*)┓	edge_cases_misc	edge_cases_misc
｀(´ω｀u)	edge_cases_misc	edge_cases_misc
＜Σ三三三三三三三∃	edge_cases_misc	edge_cases_misc
Σ⊂⊂(☉ω☉∩)	edge_cases_misc	edge_cases_misc
( ・ ̫・)੭ु⁾⁾	edge_cases_misc	edge_cases_misc
( ^o^)Г	edge_cases_misc	edge_cases_misc
■━⊂(　・∀・) 彡	edge_cases_misc	edge_cases_misc
ʚ✟⃛ɞ	edge_cases_misc	edge_cases_misc
♳♴♵♶♷♸♹	edge_cases_misc	edge_cases_misc
ㄹㅁІㄹ	edge_cases_misc	edge_cases_misc
ヽ｀、、ヽ｀ヽ｀、ヽ｀、ヽ｀｀｀、ヽ｀｀、ヽ｀、ヽ｀ヽ｀、、ヽ｀ヽ｀、ヽ｀、ヽ｀｀、ヽ｀、ヽ｀ヽ｀、、ヽ｀ヽ｀、ヽ｀、ヽ｀｀、ヽ｀、ヽ｀ヽ｀、、ヽ｀ヽ｀、ヽ(ノ；Д；)ノ ｀、、ヽ｀ヽ｀、ヽ｀｀、ヽ｀、ヽ｀ヽ｀、｀、ヽ｀｀、ヽ｀、ヽ｀ヽ｀、、ヽ｀ヽ｀、ヽ｀、ヽ｀｀、ヽ｀、ヽ｀ヽ｀、、ヽ｀ヽヽ｀、ヽ｀｀、ヽ｀、ヽ｀ヽ｀、、ヽ｀ヽ	edge_cases_misc	edge_cases_misc
ヽ｀、、ヽ｀ヽ｀、、ヽ｀ヽ｀、、ヽ｀ヽ｀、ヽ｀｀、ヽ｀、ヽ｀ヽ｀、｀｀、ヽ｀、ヽ｀ヽ｀、、ヽ｀ヽ｀、ヽ、ヽ｀ヽ｀、ヽ｀｀、ヽ｀、ヽ｀ヽ｀((((( ( ⊃・ω・)⊃｀(´ω｀u)))ヽ｀、、ヽ｀ヽ｀、ヽ｀｀、ヽ｀、ヽ｀ヽ｀、、ヽ｀ヽ｀、ヽ｀｀、ヽ｀、ヽ｀ヽ｀、、ヽ、ヽ｀ヽ｀、ヽ｀、、ヽ｀ヽ｀、、ヽ｀ヽ｀、、ヽ｀ヽ｀、ヽ｀｀、ヽ｀、ヽ｀ヽ｀、	edge_cases_misc	edge_cases_misc
、ヽ｀、ヽ｀个o(･_･｡)｀ヽ、｀ヽ、	edge_cases_misc	edge_cases_misc
、ヽ｀、ヽ｀个c(ﾟ∀ﾟ∩)｀ヽ、｀ヽ、	edge_cases_misc	edge_cases_misc
。°。°。°。个o(-ω-｡)ﾟ。°。°。°。	edge_cases_misc	edge_cases_misc
【　TV　】　　　　-o(.￣　)	edge_cases_misc	edge_cases_misc
▨-▨¬ლ(•_•) (▨_▨¬)	Square Shaped Sunglasses	edge_cases_misc
(⌐▨_▨)	Square Shaped Sunglasses	edge_cases_misc
(⌐■_■)	Square Shaped Sunglasses	edge_cases_misc
( •_•) ( •_•)>⌐■-■ (⌐■_■)	Square Shaped Sunglasses	edge_cases_misc
( ∙_∙) ( ∙_∙)>⌐■-■ (⌐■_■)	Square Shaped Sunglasses	edge_cases_misc
( •_•) ( •_•)>⌐■ (⌐■_•)	Square Shaped Sunglasses	edge_cases_misc
ヽ(⌐■_■)ノ♪♬	Square Shaped Sunglasses	edge_cases_misc
( ͡° ͜ʖ ͡°)>⌐■-■	Square Shaped Sunglasses	edge_cases_misc
ლ(▀̿̿Ĺ̯̿̿▀̿ლ)	Square Shaped Sunglasses	edge_cases_misc
┌(▀Ĺ̯ ▀-͠ )┐	Square Shaped Sunglasses	edge_cases_misc
༼⌐■ل͜■༽	Square Shaped Sunglasses	edge_cases_misc
(ﾒ■_■)y-～	Square Shaped Sunglasses	edge_cases_misc
( •_•)>⌐■-■	Square Shaped Sunglasses	edge_cases_misc
(̿▀̿ ̿Ĺ̯̿̿▀̿ ̿)̄	Square Shaped Sunglasses	edge_cases_misc
┌(▀Ĺ̯▀)┐	Square Shaped Sunglasses	edge_cases_misc
༼⌐■ل͟■༽	Square Shaped Sunglasses	edge_cases_misc
(ง⌐□ل͜□)ง	Square Shaped Sunglasses	edge_cases_misc
(७⌐■ل͟■)७	Square Shaped Sunglasses	edge_cases_misc
ᕕ༼⌐■-■༽ᕗ	Square Shaped Sunglasses	edge_cases_misc
(ง⌐□ل͜□)	Square Shaped Sunglasses	edge_cases_misc
( ▀ 益 ▀ )	Square Shaped Sunglasses	edge_cases_misc
（■Д■*）	Square Shaped Sunglasses	edge_cases_misc
(つ▀¯▀)つ	Square Shaped Sunglasses	edge_cases_misc
⊂(▀¯▀⊂)	Square Shaped Sunglasses	edge_cases_misc
˓˓( ु∎௰∎ू )՞	Square Shaped Sunglasses	edge_cases_misc
┌༼▀̿ Ĺ̯▀̿༽┐	Square Shaped Sunglasses	edge_cases_misc
༼ ຈل͜ຈ༽ノ⌐■-■	Square Shaped Sunglasses	edge_cases_misc
┬┴┬┴┤ᕦ( ▀̿ Ĺ̯ ▀̿├┬┴┬	Square Shaped Sunglasses	edge_cases_misc
━╤デ╦︻(▀̿̿Ĺ̯̿̿▀̿ ̿)	Square Shaped Sunglasses	edge_cases_misc
(*▼▽▼*)	Triangle Shaped Sunglasses	edge_cases_misc
(▼皿▼ﾒ)ﾉ	Triangle Shaped Sunglasses	edge_cases_misc
(*▼o▼*)ノ	Triangle Shaped Sunglasses	edge_cases_misc
//(*▼▽▼)∩//	Triangle Shaped Sunglasses	edge_cases_misc
◎(▼●▼)◎ｙ－゜゜゜	Triangle Shaped Sunglasses	edge_cases_misc
σ(*▼▽▼*)	Triangle Shaped Sunglasses	edge_cases_misc
Σ(▼□▼ﾒ)	Triangle Shaped Sunglasses	edge_cases_misc
σ(＊▼‐▼＊)	Triangle Shaped Sunglasses	edge_cases_misc
┌(▼▼メ)┘	Triangle Shaped Sunglasses	edge_cases_misc
└( ▼▼ )┐	Triangle Shaped Sunglasses	edge_cases_misc
┌(メ▼▼)┘	Triangle Shaped Sunglasses	edge_cases_misc
ヽ( ▼∀▼)ﾉ	Triangle Shaped Sunglasses	edge_cases_misc
v(▼ω▼ﾒ)ゞ	Triangle Shaped Sunglasses	edge_cases_misc
(▼∀▼)	Triangle Shaped Sunglasses	edge_cases_misc
(▼-▼*)	Triangle Shaped Sunglasses	edge_cases_misc
▼ω▼	Triangle Shaped Sunglasses	edge_cases_misc
(ﾒ▼_▼)	Triangle Shaped Sunglasses	edge_cases_misc
( ▼Д▼)y─┛~~	Triangle Shaped Sunglasses	edge_cases_misc
ヽ(▼ｰ▼ｷ)	Triangle Shaped Sunglasses	edge_cases_misc
(▼へ▼ﾒ)σ	Triangle Shaped Sunglasses	edge_cases_misc
(ﾒ▼皿▼)ノ　⌒　○┼＜	Triangle Shaped Sunglasses	edge_cases_misc
(▼O▼ﾒ)	Triangle Shaped Sunglasses	edge_cases_misc
(ｷ▼O▼)/	Triangle Shaped Sunglasses	edge_cases_misc
|*▼皿▼)	Triangle Shaped Sunglasses	edge_cases_misc
（▼(00）▼ﾒ）	Triangle Shaped Sunglasses	edge_cases_misc
(｡▼皿▼)σ	Triangle Shaped Sunglasses	edge_cases_misc
~~・-v(▼、▼ﾒ)	Triangle Shaped Sunglasses	edge_cases_misc
ヽ(▼皿▼ヽ)	Triangle Shaped Sunglasses	edge_cases_misc
(ﾉ▼皿▼)ﾉ	Triangle Shaped Sunglasses	edge_cases_misc
(▼ω▼o)y-~~~	Triangle Shaped Sunglasses	edge_cases_misc
(▼皿▼)y-.｡o○	Triangle Shaped Sunglasses	edge_cases_misc
(▼皿▼#)	Triangle Shaped Sunglasses	edge_cases_misc
ヾ(▼ﾍ▼；)	Triangle Shaped Sunglasses	edge_cases_misc
(▼▽▼)人(▼▽▼)	Triangle Shaped Sunglasses	edge_cases_misc
щ(▼ﾛ▼щ)	Triangle Shaped Sunglasses	edge_cases_misc
(ｷ▼⊿▼)ﾉ	Triangle Shaped Sunglasses	edge_cases_misc
（▼∀▼）	Triangle Shaped Sunglasses	edge_cases_misc
ヾ(*▼・▼)ﾉ⌒☆	Triangle Shaped Sunglasses	edge_cases_misc
(メ▼ー▼)/●~*	Triangle Shaped Sunglasses	edge_cases_misc
*~●＼(▼ー▼メ)	Triangle Shaped Sunglasses	edge_cases_misc
（♯▼皿▼）	Triangle Shaped Sunglasses	edge_cases_misc
(‡▼益▼)	Triangle Shaped Sunglasses	edge_cases_misc
( ╬◣ 益◢）y━･~	Triangle Shaped Sunglasses	edge_cases_misc
(ｷ▼д▼)y─┛~~ﾟﾟﾟ	Triangle Shaped Sunglasses	edge_cases_misc
“o(▼皿▼メ;)o”	Triangle Shaped Sunglasses	edge_cases_misc
(メノ▼□▼)ノ	Triangle Shaped Sunglasses	edge_cases_misc
