category	kaomoji	description
(* ^ Ï‰ ^)	Joy	
(Â´ âˆ€ ` *)	Joy	
Ù©(â—•â€¿â—•ï½¡)Û¶	Joy	
â˜†*:.ï½¡.o(â‰§â–½â‰¦)o.ï½¡.:*â˜†	Joy	
(o^â–½^o)	Joy	
(âŒ’â–½âŒ’)â˜†	Joy	
<(ï¿£ï¸¶ï¿£)>	Joy	
ã€‚.:â˜†*:ï½¥'(*âŒ’â€•âŒ’*)))	Joy	
ãƒ½(ãƒ»âˆ€ãƒ»)ï¾‰	Joy	
(Â´ï½¡â€¢ Ï‰ â€¢ï½¡`)	Joy	
(ï¿£Ï‰ï¿£)	Joy	
ï½€;:ã‚›;ï½€;ï½¥(Â°ÎµÂ° )	Joy	
(oï½¥Ï‰ï½¥o)	Joy	
(ï¼ ï¼¾â—¡ï¼¾)	Joy	
ãƒ½(*ãƒ»Ï‰ãƒ»)ï¾‰	Joy	
(o_ _)ï¾‰å½¡â˜†	Joy	
(^äºº^)	Joy	
(oÂ´â–½`o)	Joy	
(*Â´â–½`*)	Joy	
ï½¡ï¾Ÿ( ï¾Ÿ^âˆ€^ï¾Ÿ)ï¾Ÿï½¡	Joy	
( Â´ Ï‰ ` )	Joy	
(((o(*Â°â–½Â°*)o)))	Joy	
(â‰§â—¡â‰¦)	Joy	
(oÂ´âˆ€`o)	Joy	
(Â´â€¢ Ï‰ â€¢`)	Joy	
(ï¼¾â–½ï¼¾)	Joy	
(âŒ’Ï‰âŒ’)	Joy	
âˆ‘d(Â°âˆ€Â°d)	Joy	
â•°(â–”âˆ€â–”)â•¯	Joy	
(â”€â€¿â€¿â”€)	Joy	
(*^â€¿^*)	Joy	
ãƒ½(o^ ^o)ï¾‰	Joy	
(âœ¯â—¡âœ¯)	Joy	
(â—•â€¿â—•)	Joy	
(*â‰§Ï‰â‰¦*)	Joy	
(â˜†â–½â˜†)	Joy	
(âŒ’â€¿âŒ’)	Joy	
ï¼¼(â‰§â–½â‰¦)ï¼	Joy	
ãƒ½(oï¼¾â–½ï¼¾o)ãƒ	Joy	
â˜† ï½('â–½^äºº)	Joy	
(*Â°â–½Â°*)	Joy	
Ù©(ï½¡â€¢Ìâ€¿â€¢Ì€ï½¡)Û¶	Joy	
(âœ§Ï‰âœ§)	Joy	
ãƒ½(*âŒ’â–½âŒ’*)ï¾‰	Joy	
(Â´ï½¡â€¢ áµ• â€¢ï½¡`)	Joy	
( Â´ â–½ ` )	Joy	
(ï¿£â–½ï¿£)	Joy	
â•°(*Â´ï¸¶`*)â•¯	Joy	
ãƒ½(>âˆ€<â˜†)ãƒ	Joy	
o(â‰§â–½â‰¦)o	Joy	
(â˜†Ï‰â˜†)	Joy	
(ã£Ë˜Ï‰Ë˜Ï‚ )	Joy	
ï¼¼(ï¿£â–½ï¿£)ï¼	Joy	
(*Â¯ï¸¶Â¯*)	Joy	
ï¼¼(ï¼¾â–½ï¼¾)ï¼	Joy	
Ù©(â—•â€¿â—•)Û¶	Joy	
(oË˜â—¡Ë˜o)	Joy	
\(â˜…Ï‰â˜…)/	Joy	
\(^ãƒ®^)/	Joy	
(ã€ƒï¼¾â–½ï¼¾ã€ƒ)	Joy	
(â•¯âœ§â–½âœ§)â•¯	Joy	
o(>Ï‰<)o	Joy	
o( â›á´—â› )o	Joy	
ï½¡ï¾Ÿ(Tãƒ®T)ï¾Ÿï½¡	Joy	
( â€¾Ì â—¡ â€¾Ì )	Joy	
(ï¾‰Â´ãƒ®`)ï¾‰*: ï½¥ï¾Ÿ	Joy	
(b áµ”â–½áµ”)b	Joy	
(à¹‘Ëƒá´—Ë‚)ï»­	Joy	
(à¹‘Ë˜ï¸¶Ë˜à¹‘)	Joy	
( Ë™ê’³â€‹Ë™ )	Joy	
(*ê’¦àº´ê’³ê’¦àºµ)	Joy	
Â°Ë–âœ§â—(â°â–¿â°)â—œâœ§Ë–Â°	Joy	
(Â´ï½¥á´—ï½¥ ` )	Joy	
(ï¾‰â—•ãƒ®â—•)ï¾‰*:ï½¥ï¾Ÿâœ§	Joy	
(â€â€¢ ÖŠ â€¢â€)	Joy	
(.â› á´— â›.)	Joy	
(â€á—¢â€)	Joy	
(ï¿¢â€¿ï¿¢ )	Joy	
(Â¬â€¿Â¬ )	Joy	
(*ï¿£â–½ï¿£)b	Joy	
( Ë™â–¿Ë™ )	Joy	
(Â¯â–¿Â¯)	Joy	
( â—•â–¿â—• )	Joy	
ï¼¼(Ù¥â€â–½â€ )ï¼	Joy	
(â€â€¢ á´— â€¢â€)	Joy	
(áµ”â—¡áµ”)	Joy	
( Â´ â–¿ ` )	Joy	
(ï¾‰Â´ Ğ· `)ãƒ	Love	
(â™¡Î¼_Î¼)	Love	
(*^^*)â™¡	Love	
â˜†âŒ’ãƒ½(*'ï½¤^*)chu	Love	
(â™¡-_-â™¡)	Love	
(ï¿£Îµï¿£ï¼ )	Love	
ãƒ½(â™¡â€¿â™¡)ãƒ	Love	
( Â´ âˆ€ `)ãƒï½ â™¡	Love	
(â”€â€¿â€¿â”€)â™¡	Love	
(Â´ï½¡â€¢ áµ• â€¢ï½¡`) â™¡	Love	
(*â™¡âˆ€â™¡)	Love	
(ï½¡ãƒ»//Îµ//ãƒ»ï½¡)	Love	
(Â´ Ï‰ `â™¡)	Love	
â™¡( â—¡â€¿â—¡ )	Love	
(â—•â€¿â—•)â™¡	Love	
(/â–½ï¼¼*)ï½¡oâ—‹â™¡	Love	
(áƒ¦Ë˜âŒ£Ë˜áƒ¦)	Love	
(â™¡Â°â–½Â°â™¡)	Love	
â™¡(ï½¡- Ï‰ -)	Love	
â™¡ ï½('â–½^äºº)	Love	
(Â´â€¢ Ï‰ â€¢`) â™¡	Love	
(Â´ Îµ ` )â™¡	Love	
(Â´ï½¡â€¢ Ï‰ â€¢ï½¡`) â™¡	Love	
( Â´ â–½ ` ).ï½¡ï½â™¡	Love	
â•°(*Â´ï¸¶`*)â•¯â™¡	Love	
(*Ë˜ï¸¶Ë˜*).ï½¡.:*â™¡	Love	
(â™¡Ë™ï¸¶Ë™â™¡)	Love	
â™¡ï¼¼(ï¿£â–½ï¿£)ï¼â™¡	Love	
(â‰§â—¡â‰¦) â™¡	Love	
(âŒ’â–½âŒ’)â™¡	Love	
(*Â¯ Â³Â¯*)â™¡	Love	
(ã£Ë˜Ğ·(Ë˜âŒ£Ë˜ ) â™¡	Love	
â™¡ (Ë˜â–½Ë˜>Ô…( Ë˜âŒ£Ë˜)	Love	
( Ë˜âŒ£Ë˜)â™¡(Ë˜âŒ£Ë˜ )	Love	
(/^-^(^ ^*)/ â™¡	Love	
Ù©(â™¡Îµâ™¡)Û¶	Love	
Ïƒ(â‰§Îµâ‰¦Ïƒ) â™¡	Love	
â™¡ (â‡€ 3 â†¼)	Love	
â™¡ (ï¿£Ğ—ï¿£)	Love	
(â¤Ï‰â¤)	Love	
(Ë˜âˆ€Ë˜)/(Î¼â€¿Î¼) â¤	Love	
â¤ (É”Ë†Ğ·(Ë†âŒ£Ë†c)	Love	
(Â´â™¡â€¿â™¡`)	Love	
(Â°â—¡Â°â™¡)	Love	
Î£>â€•(ã€ƒÂ°Ï‰Â°ã€ƒ)â™¡â†’	Love	
(Â´,,â€¢Ï‰â€¢,,)â™¡	Love	
(Â´ê’³`)â™¡	Love	
â™¡(>á´—â€¢)	Love	
(âŒ’_âŒ’;)	Embarrassment	
(o^ ^o)	Embarrassment	
(*/Ï‰ï¼¼)	Embarrassment	
(*/ã€‚ï¼¼)	Embarrassment	
(*/_ï¼¼)	Embarrassment	
(*ï¾‰Ï‰ï¾‰)	Embarrassment	
(o-_-o)	Embarrassment	
(*Î¼_Î¼)	Embarrassment	
( â—¡â€¿â—¡ *)	Embarrassment	
(áµ”.áµ”)	Embarrassment	
(*ï¾‰âˆ€`*)	Embarrassment	
(//â–½//)	Embarrassment	
(//Ï‰//)	Embarrassment	
(ãƒ*Â°â–½Â°*)	Embarrassment	
(*^.^*)	Embarrassment	
(*ï¾‰â–½ï¾‰)	Embarrassment	
(ï¿£â–½ï¿£*)ã‚	Embarrassment	
(â„ â„â€¢â„Ï‰â„â€¢â„ â„)	Embarrassment	
(*/â–½ï¼¼*)	Embarrassment	
(â„ â„>â„ â–½ â„<â„ â„)	Embarrassment	
(â€à²¡Ï‰à²¡â€)	Embarrassment	
(à¸‡ à¸·â–¿ à¸·)à¸§	Embarrassment	
( ã€ƒâ–½ã€ƒ)	Embarrassment	
(/â–¿ï¼¼ )	Embarrassment	
(///ï¿£ ï¿£///)	Embarrassment	
(ãƒ_<ã€‚)ãƒ¾(Â´ â–½ ` )	Sympathy	
ï½¡ï½¥ï¾Ÿï½¥(ï¾‰Ğ”`)ãƒ½(ï¿£Ï‰ï¿£ )	Sympathy	
Ï(- Ï‰ -ã€)ãƒ¾(ï¿£Ï‰ï¿£; )	Sympathy	
ãƒ½(ï¿£Ï‰ï¿£(ã€‚ã€‚ )ã‚	Sympathy	
(*Â´ I `)ï¾‰ï¾Ÿ(ï¾‰Ğ”ï½€ï¾Ÿ)ï¾Ÿï½¡	Sympathy	
ãƒ½(~_~(ãƒ»_ãƒ» )ã‚	Sympathy	
(ï¾‰_ï¼›)ãƒ¾(Â´ âˆ€ ` )	Sympathy	
(; Ï‰ ; )ãƒ¾(Â´âˆ€`* )	Sympathy	
(*Â´ãƒ¼)ï¾‰(ãƒĞ´`)	Sympathy	
(Â´-Ï‰-`( _ _ )	Sympathy	
(ã£Â´Ï‰`)ï¾‰(â•¥Ï‰â•¥)	Sympathy	
(ï½ãƒ»_ãƒ»)ãƒâ€(ãƒ_<ã€)	Sympathy	
(ï¼ƒï¼ï¼œ)	Dissatisfaction	
(ï¼›âŒ£Ì€_âŒ£Ì)	Dissatisfaction	
â˜†ï½(ï¼ï¼œï¼›)â—‹	Dissatisfaction	
(ï¿£ ï¿£|||)	Dissatisfaction	
(ï¼›ï¿£Ğ”ï¿£)	Dissatisfaction	
(ï¿£â–¡ï¿£ã€)	Dissatisfaction	
(ï¼ƒï¿£0ï¿£)	Dissatisfaction	
(ï¼ƒï¿£Ï‰ï¿£)	Dissatisfaction	
(ï¿¢_ï¿¢;)	Dissatisfaction	
(ï¼ï½ï¼œ)	Dissatisfaction	
(ã€Â°ãƒ­Â°)ã€	Dissatisfaction	
(ã€ƒï¼ï¼¿ï¼œ;ã€ƒ)	Dissatisfaction	
(ï¼¾ï¼¾ï¼ƒ)	Dissatisfaction	
(ï¸¶ï¸¹ï¸º)	Dissatisfaction	
(ï¿£ãƒ˜ï¿£)	Dissatisfaction	
<(ï¿£ ï¹Œ ï¿£)>	Dissatisfaction	
(ï¿£ï¸¿ï¿£)	Dissatisfaction	
(ï¼ï¹ï¼œ)	Dissatisfaction	
(--_--)	Dissatisfaction	
å‡¸(ï¿£ãƒ˜ï¿£)	Dissatisfaction	
ãƒ¾( ï¿£Oï¿£)ãƒ„	Dissatisfaction	
(â‡€â€¸â†¼â€¶)	Dissatisfaction	
o(>< )o	Dissatisfaction	
(ã€ï¼ï¼œ)ã€	Dissatisfaction	
(á—’á—£á—•)Õ	Dissatisfaction	
(ëˆˆ_ëˆˆ)	Dissatisfaction	
(ï¼ƒ`Ğ”Â´)	Anger	
(`çš¿Â´ï¼ƒ)	Anger	
( ` Ï‰ Â´ )	Anger	
ãƒ½( `Ğ´Â´*)ãƒ	Anger	
(ãƒ»`Ï‰Â´ãƒ»)	Anger	
(`ãƒ¼Â´)	Anger	
ãƒ½(`âŒ’Â´ãƒ¡)ãƒ	Anger	
å‡¸(`â–³Â´ï¼ƒ)	Anger	
( `ÎµÂ´ )	Anger	
Ïˆ( ` âˆ‡ Â´ )Ïˆ	Anger	
ãƒ¾(`ãƒ˜Â´)ï¾‰ï¾	Anger	
ãƒ½(â€µï¹Â´)ãƒ	Anger	
(ï¾’` ï¾› Â´)	Anger	
(â•¬`ç›ŠÂ´)	Anger	
â”Œâˆ©â”(â—£_â—¢)â”Œâˆ©â”	Anger	
å‡¸( ` ï¾› Â´ )å‡¸	Anger	
Î£(â–¼â–¡â–¼ãƒ¡)	Anger	
(Â°ã…‚Â°â•¬)	Anger	
Ïˆ(â–¼ã¸â–¼ãƒ¡)ï½â†’	Anger	
(ãƒÂ°ç›ŠÂ°)ãƒ	Anger	
(Ò‚ `Ğ·Â´ )	Anger	
(â€¡â–¼ç›Šâ–¼)	Anger	
(Ò‚` ï¾› Â´)å‡¸	Anger	
((â•¬â—£ï¹â—¢))	Anger	
Ù©(â•¬Ê˜ç›ŠÊ˜â•¬)Û¶	Anger	
(â•¬ Ã’ï¹Ã“)	Anger	
ï¼¼ï¼¼Ù©(à¹‘`^Â´à¹‘)Û¶ï¼ï¼	Anger	
(å‡¸à² ç›Šà² )å‡¸	Anger	
â†‘_(Î¦wÎ¦)Î¨	Anger	
â†~(Î¨â–¼ï½°â–¼)âˆˆ	Anger	
à­§((#Î¦ç›ŠÎ¦#))à­¨	Anger	
Ù©(à° ç›Šà° )Û¶	Anger	
(ï¾‰à²¥ç›Šà²¥)ï¾‰	Anger	
(â‰–ï½¤â‰–â•¬)	Anger	
(ãƒ_<ã€‚)	Sadness	
(-_-)	Sadness	
(Â´-Ï‰-`)	Sadness	
.ï½¥ï¾Ÿï¾Ÿï½¥(ï¼Ï‰ï¼¼)ï½¥ï¾Ÿï¾Ÿï½¥.	Sadness	
(Î¼_Î¼)	Sadness	
(ï¾‰Ğ”`)	Sadness	
(-Ï‰-ã€)	Sadness	
ã€‚ã‚œã‚œ(Â´ï¼¯`) ã‚œã‚œã€‚	Sadness	
o(Tãƒ˜To)	Sadness	
( ; Ï‰ ; )	Sadness	
(ï½¡â•¯ï¸µâ•°ï½¡)	Sadness	
ï½¡ï½¥ï¾Ÿï¾Ÿ*(>Ğ´<)*ï¾Ÿï¾Ÿï½¥ï½¡	Sadness	
( ï¾Ÿï¼Œ_ã‚ï½€)	Sadness	
(ä¸ª_ä¸ª)	Sadness	
(â•¯ï¸µâ•°,)	Sadness	
ï½¡ï½¥ï¾Ÿ(ï¾Ÿ><ï¾Ÿ)ï¾Ÿï½¥ï½¡	Sadness	
( â•¥Ï‰â•¥ )	Sadness	
(â•¯_â•°)	Sadness	
(â•¥_â•¥)	Sadness	
.ï½¡ï½¥ï¾Ÿï¾Ÿï½¥(ï¼_ï¼œ)ï½¥ï¾Ÿï¾Ÿï½¥ï½¡.	Sadness	
(ï¼Ëãƒ»ã€)	Sadness	
(ãƒ_<ã€)	Sadness	
(â•¥ï¹â•¥)	Sadness	
ï½¡ï¾Ÿ(ï½¡ï¾‰Ï‰ãƒ½ï½¡)ï¾Ÿï½¡	Sadness	
(ã¤Ï‰`ï½¡)	Sadness	
(ï½¡T Ï‰ Tï½¡)	Sadness	
(ï¾‰Ï‰ï½¥ï½¤)	Sadness	
ï½¥ï¾Ÿï½¥(ï½¡>Ï‰<ï½¡)ï½¥ï¾Ÿï½¥	Sadness	
(T_T)	Sadness	
(>_<)	Sadness	
(ã£Ë˜Ì©â•­â•®Ë˜Ì©)ã£	Sadness	
ï½¡ï¾Ÿï½¥ (>ï¹<) ï½¥ï¾Ÿï½¡	Sadness	
o(ã€’ï¹ã€’)o	Sadness	
(ï½¡â€¢Ìï¸¿â€¢Ì€ï½¡)	Sadness	
(à²¥ï¹à²¥)	Sadness	
(à²¡â€¸à²¡)	Sadness	
~(>_<~)	Pain	
â˜†âŒ’(> _ <)	Pain	
â˜†âŒ’(>ã€‚<)	Pain	
(â˜†_@)	Pain	
(Ã—_Ã—)	Pain	
(x_x)	Pain	
(Ã—_Ã—)âŒ’â˜†	Pain	
(x_x)âŒ’â˜†	Pain	
(Ã—ï¹Ã—)	Pain	
â˜†(ï¼ƒÃ—Ã—)	Pain	
(ï¼‹_ï¼‹)	Pain	
[ Â± _ Â± ]	Pain	
Ù©(Ã— Ã—)Û¶	Pain	
_:(Â´à½€`ã€ âˆ ):_	Pain	
(ï¾’ï¹ï¾’)	Pain	
(ãƒÏ‰ãƒ½)	Fear	
(ï¼ã€‚ï¼¼)	Fear	
(ï¾‰_ãƒ½)	Fear	
..ãƒ»ãƒ¾(ã€‚ï¼ï¼œ)ã‚·	Fear	
(â€³ãƒ­ã‚›)	Fear	
(;;;*_*)	Fear	
(ãƒ»äººãƒ»)	Fear	
ï¼¼(ã€‡_ï½)ï¼	Fear	
(/Ï‰ï¼¼)	Fear	
(/_ï¼¼)	Fear	
ã€œ(ï¼ï¼œ)ã€œ	Fear	
Î£(Â°â–³Â°|||)ï¸´	Fear	
(((ï¼ï¼œ)))	Fear	
{{ (>_<) }}	Fear	
ï¼¼(Âº â–¡ Âº l|l)/	Fear	
ã€£( ÂºÎ”Âº )ã€£	Fear	
â–“â–’â–‘(Â°â—¡Â°)â–‘â–’â–“	Fear	
ãƒ½(ãƒ¼_ãƒ¼ )ãƒ	Indifference	
ãƒ½(Â´ãƒ¼` )â”Œ	Indifference	
â”(â€˜ï½` )â”Œ	Indifference	
ãƒ½(ã€€ï¿£Ğ´ï¿£)ãƒ	Indifference	
â”(ï¿£ãƒ˜ï¿£)â”Œ	Indifference	
ãƒ½(ï¿£ï½ï¿£ã€€)ãƒ	Indifference	
â•®(ï¿£_ï¿£)â•­	Indifference	
ãƒ½(Ë‡ãƒ˜Ë‡)ãƒ	Indifference	
â”(ï¿£ï½ï¿£)â”Œ	Indifference	
â”(ï¸¶â–½ï¸¶)â”Œ	Indifference	
â•®(ï¿£ï½ï¿£)â•­	Indifference	
Â¯\_(ãƒ„)_/Â¯	Indifference	
â”( Â´ Ğ´ ` )â”Œ	Indifference	
â•®(ï¸¶ï¸¿ï¸¶)â•­	Indifference	
â”(ï¿£âˆ€ï¿£)â”Œ	Indifference	
â”( Ë˜ ï½¤ Ë˜ )â”Œ	Indifference	
â•®(ï¸¶â–½ï¸¶)â•­	Indifference	
â•®( Ë˜ ï½¤ Ë˜ )â•­	Indifference	
â”( Ë˜_Ë˜ )â”Œ	Indifference	
â•®( Ë˜_Ë˜ )â•­	Indifference	
â”(ï¿£ãƒ®ï¿£)â”Œ	Indifference	
á••( á› )á•—	Indifference	
â”(ã‚·)â”Œ	Indifference	
(ï¿£Ï‰ï¿£;)	Confusion	
Ïƒ(ï¿£ã€ï¿£ã€ƒ)	Confusion	
(ï¿£ï½ï¿£;)	Confusion	
(-_-;)ãƒ»ãƒ»ãƒ»	Confusion	
â”('ï½`;)â”Œ	Confusion	
(ãƒ»_ãƒ»ãƒ¾	Confusion	
(ã€ƒï¿£Ï‰ï¿£ã€ƒã‚	Confusion	
â”(ï¿£ãƒ˜ï¿£;)â”Œ	Confusion	
(ãƒ»_ãƒ»;)	Confusion	
(ï¿£_ï¿£)ãƒ»ãƒ»ãƒ»	Confusion	
â•®(ï¿£Ï‰ï¿£;)â•­	Confusion	
(Â¯ . Â¯;)	Confusion	
(ï¼ _ï¼ )	Confusion	
(ãƒ»ãƒ»;)ã‚	Confusion	
Î£(ï¿£ã€‚ï¿£ï¾‰)	Confusion	
(ãƒ»ãƒ» ) ?	Confusion	
(â€¢à¸´_â€¢à¸´)?	Confusion	
(â— â—)ã‚	Confusion	
(ãƒ¼ãƒ¼;)	Confusion	
áƒš(à² _à²  áƒš)	Confusion	
áƒš(Â¯ãƒ­Â¯"áƒš)	Confusion	
(Â¯ . Â¯Ù¥)	Confusion	
(Â¯  Â¯Ù¥)	Confusion	
(ï¿¢_ï¿¢)	Doubt	
(â†’_â†’)	Doubt	
(ï¿¢ ï¿¢)	Doubt	
(ï¿¢â€¿ï¿¢ )	Doubt	
(Â¬_Â¬ )	Doubt	
(â†_â†)	Doubt	
(Â¬ Â¬ )	Doubt	
(Â¬â€¿Â¬ )	Doubt	
(â†¼_â†¼)	Doubt	
(â‡€_â‡€)	Doubt	
(á“€ á“€)	Doubt	
w(Â°ï½Â°)w	Surprise	
ãƒ½(Â°ã€‡Â°)ï¾‰	Surprise	
Î£(O_O)	Surprise	
Î£(Â°ãƒ­Â°)	Surprise	
(âŠ™_âŠ™)	Surprise	
(o_O)	Surprise	
(O_O;)	Surprise	
(O.O)	Surprise	
(Â°ãƒ­Â°) !	Surprise	
(o_O) !	Surprise	
(â–¡_â–¡)	Surprise	
Î£(â–¡_â–¡)	Surprise	
âˆ‘(O_O;)	Surprise	
( : à±¦ â€¸ à±¦ : )	Surprise	
(*ãƒ»Ï‰ãƒ»)ï¾‰	Greeting	
(ï¿£â–½ï¿£)ãƒ	Greeting	
(Â°â–½Â°)/	Greeting	
( Â´ âˆ€ ` )ï¾‰	Greeting	
(^-^*)/	Greeting	
(ï¼ Â´ãƒ¼`)ï¾‰ï¾	Greeting	
(Â´â€¢ Ï‰ â€¢`)ï¾‰	Greeting	
( Â° âˆ€ Â° )ï¾‰ï¾	Greeting	
ãƒ¾(*'â–½'*)	Greeting	
ï¼¼(âŒ’â–½âŒ’)	Greeting	
ãƒ¾(â˜†â–½â˜†)	Greeting	
( Â´ â–½ ` )ï¾‰	Greeting	
(^ï¼^)ãƒ	Greeting	
~ãƒ¾(ãƒ»Ï‰ãƒ»)	Greeting	
(ãƒ»âˆ€ãƒ»)ãƒ	Greeting	
ãƒ¾(ãƒ»Ï‰ãƒ»*)	Greeting	
(*Â°ï½°Â°)ï¾‰	Greeting	
(ãƒ»_ãƒ»)ãƒ	Greeting	
(oÂ´Ï‰`o)ï¾‰	Greeting	
( Â´ â–½ ` )/	Greeting	
(ï¿£Ï‰ï¿£)/	Greeting	
( Â´ Ï‰ ` )ãƒï¾	Greeting	
(âŒ’Ï‰âŒ’)ï¾‰	Greeting	
(o^ ^o)/	Greeting	
(â‰§â–½â‰¦)/	Greeting	
(âœ§âˆ€âœ§)/	Greeting	
(oÂ´â–½`o)ï¾‰	Greeting	
(ï¿£â–½ï¿£)/	Greeting	
(ã¥ï¿£ Â³ï¿£)ã¥	Hugging	
(ã¤â‰§â–½â‰¦)ã¤	Hugging	
(ã¤âœ§Ï‰âœ§)ã¤	Hugging	
(ã¥ â—•â€¿â—• )ã¥	Hugging	
(âŠƒï½¡â€¢Ìâ€¿â€¢Ì€ï½¡)âŠƒ	Hugging	
(ã¤ . â€¢Ì _Ê– â€¢Ì€ .)ã¤	Hugging	
(ã£à² â€¿à² )ã£	Hugging	
(ã¥â—¡ï¹â—¡)ã¥	Hugging	
âŠ‚(Â´â€¢ Ï‰ â€¢`âŠ‚)	Hugging	
âŠ‚(ï½¥Ï‰ï½¥*âŠ‚)	Hugging	
âŠ‚(ï¿£â–½ï¿£)âŠƒ	Hugging	
âŠ‚( Â´ â–½ ` )âŠƒ	Hugging	
( ~*-*)~	Hugging	
(ï½¡â€¢Ì€á´—-)âœ§	Hugging	
(^_~)	Winking	
( ï¾Ÿï½âŒ’)	Winking	
(^_-)â‰¡â˜†	Winking	
(^Ï‰~)	Winking	
(>Ï‰^)	Winking	
(~äºº^)	Winking	
(^_-)	Winking	
( -_ãƒ»)	Winking	
(^_<)ã€œâ˜†	Winking	
(^äºº<)ã€œâ˜†	Winking	
â˜†âŒ’(â‰§â–½â€‹Â° )	Winking	
â˜†âŒ’(ã‚ã€‚âˆ‚)	Winking	
(^_<)	Winking	
(^_âˆ’)â˜†	Winking	
(ï½¥Ï‰<)â˜†	Winking	
(^.~)â˜†	Winking	
(^.~)	Winking	
(>á´—â€¢)	Winking	
m(_ _)m	Apologizing	
(ã‚·_ _)ã‚·	Apologizing	
m(. .)m	Apologizing	
<(_ _)>	Apologizing	
äºº(_ _*)	Apologizing	
(*_ _)äºº	Apologizing	
m(_ _;m)	Apologizing	
(m;_ _)m	Apologizing	
(ã‚·. .)ã‚·	Apologizing	
(*ï¿£iiï¿£)	Nosebleeding	
(ï¿£ï¾Šï¿£*)	Nosebleeding	
\(ï¿£ï¾Šï¿£)	Nosebleeding	
(ï¼¾à¼‹à¼ï¼¾)	Nosebleeding	
(ï¼¾ã€ƒï¼¾)	Nosebleeding	
(ï¿£ Â¨ãƒ½ï¿£)	Nosebleeding	
(ï¿£ ;ï¿£)	Nosebleeding	
(ï¿£ ;;ï¿£)	Nosebleeding	
|ï½¥Ï‰ï½¥)	Hiding	
ï¾(ï½¥_|	Hiding	
|Ï‰ï½¥)ï¾‰	Hiding	
ãƒ¾(ï½¥|	Hiding	
|Ğ´ï½¥)	Hiding	
|_ï¿£))	Hiding	
|â–½//)	Hiding	
â”¬â”´â”¬â”´â”¤(ï½¥_â”œâ”¬â”´â”¬â”´	Hiding	
â”¬â”´â”¬â”´â”¤ï½¥Ï‰ï½¥)ï¾‰	Hiding	
â”¬â”´â”¬â”´â”¤( Í¡Â° ÍœÊ–â”œâ”¬â”´â”¬â”´	Hiding	
â”¬â”´â”¬â”´â”¤(ï½¥_â”œâ”¬â”´â”¬â”´	Hiding	
|_ãƒ»)	Hiding	
|ï½¥Ğ´ï½¥)ï¾‰	Hiding	
|Ê˜â€¿Ê˜)â•¯	Hiding	
__Ï†(ï¼ï¼)	Writing	
( ï¿£ãƒ¼ï¿£)Ï†__	Writing	
__Ï†(ã€‚ã€‚)	Writing	
__Ï†(ï¼ï¼;)	Writing	
ãƒ¾( `ãƒ¼Â´)ã‚·Ï†__	Writing	
__ã€†(ï¿£ãƒ¼ï¿£ )	Writing	
....Ï†(ãƒ»âˆ€ãƒ»*)	Writing	
___ã€†(ãƒ»âˆ€ãƒ»)	Writing	
( ^â–½^)Ïˆ__	Writing	
....Ï†(ï¸¶â–½ï¸¶)Ï†....	Writing	
( . .)Ï†__	Writing	
__Ï†(â—â—ãƒ˜)	Writing	
â˜†ï¾(o*ï½¥Ï‰ï½¥)ï¾‰	Running	
C= C= C= C= C=â”Œ(;ãƒ»Ï‰ãƒ»)â”˜	Running	
â”€=â‰¡Î£((( ã¤ï¼ï¼œ)ã¤	Running	
Îµ=Îµ=Îµ=Îµ=â”Œ(;ï¿£â–½ï¿£)â”˜	Running	
Îµ=Îµ=â”Œ( >_<)â”˜	Running	
C= C= C= C=â”Œ( `ãƒ¼Â´)â”˜	Running	
Îµ===(ã£â‰§Ï‰â‰¦)ã£	Running	
ãƒ½(ï¿£Ğ´ï¿£;)ãƒ=3=3=3	Running	
ã€‚ã€‚ã€‚ãƒŸãƒ½(ã€‚ï¼ï¼œ)ãƒ	Running	
[(ï¼ï¼)]..zzZ	Sleeping	
(ï¼_ï¼) zzZ	Sleeping	
(âˆªï½¡âˆª)ï½¡ï½¡ï½¡zzZ	Sleeping	
(ï¼Ï‰ï¼) zzZ	Sleeping	
(ï¿£oï¿£) zzZZzzZZ	Sleeping	
(( _ _ ))..zzzZZ	Sleeping	
(ï¿£Ïï¿£)..zzZZ	Sleeping	
(ï¼.ï¼)...zzz	Sleeping	
(ï¼¿ ï¼¿*) Z z z	Sleeping	
(x . x) ~~zzZ	Sleeping	
(=^ï½¥Ï‰ï½¥^=)	Cat	
(=^ï½¥ï½ªï½¥^=)	Cat	
(=â‘ Ï‰â‘ =)	Cat	
( =Ï‰=)..nyaa	Cat	
(= ; ï½ª ; =)	Cat	
(=`Ï‰Â´=)	Cat	
(=^â€¥^=)	Cat	
( =ãƒÏ‰ãƒ½=)	Cat	
(=âŒ’â€¿â€¿âŒ’=)	Cat	
(=^ â—¡ ^=)	Cat	
(=^-Ï‰-^=)	Cat	
ãƒ¾(=`Ï‰Â´=)ãƒâ€	Cat	
(ï¼¾â€¢ Ï‰ â€¢ï¼¾)	Cat	
(/ =Ï‰=)/	Cat	
à¸…(â€¢ã……â€¢â€)à¸…	Cat	
à¸…(â€¢ Éª â€¢)à¸…	Cat	
à¬²(â“› Ï‰ â“›)à¬²	Cat	
(^=â—•á´¥â—•=^)	Cat	
( =Ï‰= )	Cat	
à¬²(â“› Ï‰ â“›)à¬²	Cat	
(^=â—•á´¥â—•=^)	Cat	
( =Ï‰= )	Cat	
(^Ëµâ—•Ï‰â—•Ëµ^)	Cat	
(^â—”á´¥â—”^)	Cat	
(^â—•á´¥â—•^)	Cat	
à¸•(=Ï‰=)à¸•	Cat	
( Î¦ Ï‰ Î¦ )	Cat	
à¸…(^â—•á´¥â—•^)à¸…	Cat	
( Â´(ï½´)Ë‹ )	Bear	
(*ï¿£(ï½´)ï¿£*)	Bear	
ãƒ½(ï¿£(ï½´)ï¿£)ï¾‰	Bear	
(ï¼ï¿£(ï½´)ï¿£)ï¼	Bear	
(ï¿£(ï½´)ï¿£)	Bear	
ãƒ½( Ë‹(ï½´)Â´ )ï¾‰	Bear	
âŠ‚(ï¿£(ï½´)ï¿£)âŠƒ	Bear	
(ï¼(ï½´)ï¼¼)	Bear	
âŠ‚(Â´(ã‚§)Ë‹)âŠƒ	Bear	
(/-(ï½´)-ï¼¼)	Bear	
(/Â°(ï½´)Â°)/	Bear	
Ê• áµ”á´¥áµ” Ê”	Bear	
Ê• â€¢á´¥â€¢ Ê”	Bear	
Ê• â€¢Ì€ Ï‰ â€¢Ì Ê”	Bear	
Ê• â€¢Ì€ o â€¢Ì Ê”	Bear	
Ê•à² á´¥à² Ê”	Bear	
âˆªï¼¾ã‚§ï¼¾âˆª	Dog	
âˆªï½¥Ï‰ï½¥âˆª	Dog	
âˆªï¿£-ï¿£âˆª	Dog	
âˆªï½¥ï½ªï½¥âˆª	Dog	
ï¼µ^çš¿^ï¼µ	Dog	
ï¼µï¼´ï½ªï¼´ï¼µ	Dog	
U^ï½ª^U	Dog	
Vâ—á´¥â—V	Dog	
Uãƒ»á´¥ãƒ»U	Dog	
ï¼(â‰§ x â‰¦)ï¼¼	Rabbit	
ï¼(ï½¥ Ã— ï½¥)ï¼¼	Rabbit	
ï¼(=Â´x`=)ï¼¼	Rabbit	
ï¼(^ x ^)ï¼¼	Rabbit	
ï¼(=ï½¥ x ï½¥=)ï¼¼	Rabbit	
ï¼(^ Ã— ^)ï¼¼	Rabbit	
ï¼(ï¼Ã—ï¼œ)ï¼¼	Rabbit	
ï¼(Ëƒá†ºË‚)ï¼¼	Rabbit	
( Â´(00)Ë‹ )	Pig	
(ï¿£(Ï‰)ï¿£)	Pig	
ãƒ½( Ë‹(00)Â´ )ãƒ	Pig	
( Â´(oo)Ë‹ )	Pig	
ï¼¼(ï¿£(oo)ï¿£)ï¼	Pig	
ï½¡ï¾Ÿ(ï¾ŸÂ´(00)`ï¾Ÿ)ï¾Ÿï½¡	Pig	
(ï¿£(00)ï¿£)	Pig	
(Ë†(oo)Ë†)	Pig	
(ï¿£Î˜ï¿£)	Bird	
(`ï½¥Î˜ï½¥Â´)	Bird	
( Ë‹ Î˜ Â´ )	Bird	
(â—‰Î˜â—‰)	Bird	
ï¼¼( Ë‹ Î˜ Â´ )ï¼	Bird	
(ï½¥Î¸ï½¥)	Bird	
(ãƒ»Î˜ãƒ»)	Bird	
ãƒ¾(ï¿£â—‡ï¿£)ãƒã€ƒ	Bird	
(ï½¥Î˜ï½¥)	Bird	
(Â°)#))<<	Fish	
<ãƒ» )))><<	Fish	
Î¶Â°)))å½¡	Fish	
>Â°))))å½¡	Fish	
(Â°))<<	Fish	
>^)))<ï½ï½	Fish	
â‰§( Â° Â° )â‰¦	Fish	
/â•²/\â•­(à° à° ç›Šà° à° )â•®/\â•±\	Spider	
/â•²/\â•­(à²°à²°âŒ“à²°à²°)â•®/\â•±\	Spider	
/â•²/\â•­à¼¼ ÂºÂºÙ„ÍŸÂºÂº à¼½â•®/\â•±\	Spider	
/â•²/\â•­( Í¡Â°Í¡Â° ÍœÊ– Í¡Â°Í¡Â°)â•®/\â•±\	Spider	
/â•²/\â•­[ á´¼á´¼ à±ª á´¼á´¼]â•®/\â•±\	Spider	
/â•²/\( â€¢Ì€ Ï‰ â€¢Ì )/\â•±\	Spider	
/â•²/\â•­[â˜‰ï¹â˜‰]â•®/\â•±\	Spider	
ãƒ¾(ãƒ»Ï‰ãƒ»)ãƒ¡(ãƒ»Ï‰ãƒ»)ãƒ	Friends	
ãƒ½(âˆ€Â° )äºº( Â°âˆ€)ãƒ	Friends	
ãƒ½( âŒ’oâŒ’)äºº(âŒ’-âŒ’ )ï¾‰	Friends	
(*^Ï‰^)å…«(âŒ’â–½âŒ’)å…«(-â€¿â€¿- )ãƒ½	Friends	
ï¼¼(ï¼¾âˆ€ï¼¾)ãƒ¡(ï¼¾âˆ€ï¼¾)ãƒ	Friends	
ãƒ¾(ï¿£ãƒ¼ï¿£(â‰§Ï‰â‰¦*)ã‚	Friends	
ãƒ½( âŒ’Ï‰âŒ’)äºº(=^â€¥^= )ï¾‰	Friends	
ãƒ½(â‰§â—¡â‰¦)å…«(o^ ^o)ãƒ	Friends	
(*ãƒ»âˆ€ãƒ»)çˆ»(ãƒ»âˆ€ãƒ»*)	Friends	
ï½¡*:â˜†(ãƒ»Ï‰ãƒ»äººãƒ»Ï‰ãƒ»)ï½¡:ã‚œâ˜†ï½¡	Friends	
o(^^o)(o^^o)(o^^o)(o^^)o	Friends	
(((ï¿£(ï¿£(ï¿£â–½ï¿£)ï¿£)ï¿£)))	Friends	
(Â°(Â°Ï‰(Â°Ï‰Â°(â˜†Ï‰â˜†)Â°Ï‰Â°)Ï‰Â°)Â°)	Friends	
ãƒ¾(ãƒ»Ï‰ãƒ»`)ãƒãƒ¾(Â´ãƒ»Ï‰ãƒ»)ãƒã‚›	Friends	
Î¨( `âˆ€)(âˆ€Â´ )Î¨	Friends	
(ã£Ë˜â–½Ë˜)(Ë˜â–½Ë˜)Ë˜â–½Ë˜Ï‚)	Friends	
(((*Â°â–½Â°*)å…«(*Â°â–½Â°*)))	Friends	
â˜†ãƒ¾(*Â´ãƒ»âˆ€ãƒ»)ï¾‰ãƒ¾(ãƒ»âˆ€ãƒ»`*)ï¾‰â˜†	Friends	
(*ï¼¾Ï‰ï¼¾)äºº(ï¼¾Ï‰ï¼¾*)	Friends	
Ù©(à¹‘ï½¥à¸´á´—ï½¥à¸´)Û¶Ù©(ï½¥à¸´á´—ï½¥à¸´à¹‘)Û¶	Friends	
(â˜Â°ãƒ®Â°)â˜ â˜œ(Â°ãƒ®Â°â˜œ)	Friends	
ï¼¼(â–½ï¿£ \ (ï¿£â–½ï¿£) / ï¿£â–½)ï¼	Friends	
\( Ë™â–¿Ë™ )/\( Ë™â–¿Ë™ )/	Friends	
ãƒ½( ï½¥âˆ€ï½¥)ï¾‰_Î¸å½¡â˜†Î£(ãƒ `Ğ”Â´)ãƒ	Enemies	
(*Â´âˆ‡`)â”ŒÎ¸â˜†(ï¾‰>_<)ï¾‰	Enemies	
( ï¿£Ï‰ï¿£)ãƒï¾âŒ’â˜†ï¾(o _ _)o	Enemies	
(*`0Â´)Î¸â˜†(ãƒ¡Â°çš¿Â°)ï¾‰	Enemies	
(oÂ¬â€¿Â¬o )...â˜†ï¾(*x_x)	Enemies	
(â•¬ï¿£çš¿ï¿£)=â—‹ï¼ƒ(ï¿£#)ï¼“ï¿£)	Enemies	
(; -_-)â€•â€•â€•â€•â€•â€•C<â€•_-)	Enemies	
ï¼œ( ï¿£ï¸¿ï¿£)ï¸µÎ¸ï¸µÎ¸ï¸µâ˜†(ï¼å£ï¼œï¼)	Enemies	
(ï¿£Îµ(#ï¿£)â˜†â•°â•®o(ï¿£â–½ï¿£///)	Enemies	
ãƒ½(>_<ãƒ½) â€•âŠ‚|=0ãƒ˜(^â€¿^ )	Enemies	
ãƒ˜(>_<ãƒ˜) ï¿¢o(ï¿£â€¿ï¿£ï¾’)	Enemies	
,,((( ï¿£â–¡)_ï¼ ï¼¼_(â—‹ï¿£ ))),,	Enemies	
(Ò‚` ï¾› Â´)ï¸»ãƒ‡â•ä¸€ ï¼¼(Âº â–¡ Âº l|l)/	Enemies	
(â•¯Â°Ğ”Â°)â•¯ï¸µ /(.â–¡ . ï¼¼)	Enemies	
(Â¬_Â¬'')Ô…(ï¿£Îµï¿£Ô…)	Enemies	
/( .â–¡.)ï¼¼ ï¸µâ•°(Â°ç›ŠÂ°)â•¯ï¸µ /(.â–¡. /)	Enemies	
(ï¾‰-.-)ï¾‰â€¦.((((((((((((â—~* ( >_<)	Enemies	
!!(ï¾’ï¿£ ï¿£)_Î¸â˜†Â°0Â°)/	Enemies	
(`âŒ’*)O-(`âŒ’Â´Q)	Enemies	
(((à¸‡â€™Ï‰â€™)Ùˆä¸‰ à¸‡â€™Ï‰â€™)Ú¡â‰¡ã€€â˜†âŒ’ï¾((x_x)	Enemies	
(à¸‡à² _à² )à¸‡ã€€Ïƒ( â€¢Ì€ Ï‰ â€¢Ì Ïƒ)	Enemies	
(ã£â€¢ï¹â€¢)ã£ âœ´==â‰¡ëˆˆÙ©(`çš¿Â´Ò‚)à¸‡	Enemies	
(ï½¢â€¢ Ï‰ â€¢)ï½¢ (âŒ’Ï‰âŒ’`)	Enemies	
( Â°á´—Â°)~Ã° (/â›oâ›\)	Enemies	
( ãƒ»âˆ€ãƒ»)ãƒ»ãƒ»ãƒ»--------â˜†	Weapons	
(/-_ãƒ»)/Dãƒ»ãƒ»ãƒ»ãƒ»ãƒ»------ â†’	Weapons	
(^Ï‰^)ãƒï¾(((((((((â—ï½*	Weapons	
( -Ï‰-)ï¼å ~~~~~	Weapons	
(/ãƒ»ãƒ»)ãƒã€€ã€€ (( ã ((ã¸	Weapons	
â€•âŠ‚|=0ãƒ˜(^^ )	Weapons	
â—‹âˆâˆâˆâˆãƒ½(^ãƒ¼^ )	Weapons	
(; ãƒ»_ãƒ»)â€•â€•â€•â€•C	Weapons	
(à²  o à² )Â¤=[]:::::>	Weapons	
(*ï¼¾ï¼¾)/~~~~~~~~~~â—	Weapons	
ï¿¢o(ï¿£-ï¿£ï¾’)	Weapons	
â€•(T_T)â†’	Weapons	
((( ï¿£â–¡)_ï¼	Weapons	
(ï¾’` ï¾› Â´)ï¸»ãƒ‡â•ä¸€	Weapons	
( Â´-Ï‰ï½¥)ï¸»â”»â”³â•â•â”ä¸€	Weapons	
(ï¾’ï¿£â–½ï¿£)ï¸»â”³â•ä¸€	Weapons	
âœ´==â‰¡ëˆˆÙ©(`çš¿Â´Ò‚)à¸‡	Weapons	
Q(`âŒ’Â´Q)	Weapons	
(ãƒ Ë˜_Ë˜)ãƒã€€Î¶|||Î¶ã€€Î¶|||Î¶ã€€Î¶|||Î¶	Magic	
(ï¾‰â‰§âˆ€â‰¦)ï¾‰ â€¥â€¦â”â”â”â˜…	Magic	
(ï¾‰>Ï‰<)ï¾‰ :ï½¡ï½¥:*:ï½¥ï¾Ÿâ€™â˜…,ï½¡ï½¥:*:ï½¥ï¾Ÿâ€™â˜†	Magic	
(ãƒÂ°âˆ€Â°)ãƒâŒ’ï½¥*:.ï½¡. .ï½¡.:*ï½¥ã‚œï¾Ÿï½¥*â˜†	Magic	
â•°( Í¡Â° ÍœÊ– Í¡Â° )ã¤â”€â”€â˜†*:ãƒ»ï¾Ÿ	Magic	
(ï¼ƒï¿£â–¡ï¿£)oâ”âˆˆãƒ»ãƒ»â”â”â”â”â˜†	Magic	
(âŠƒï½¡â€¢Ìâ€¿â€¢Ì€ï½¡)âŠƒâ”âœ¿âœ¿âœ¿âœ¿âœ¿âœ¿	Magic	
(âˆ©á„‘_á„‘)âŠƒâ”â˜†ï¾Ÿ*ï½¥ï½¡*ï½¥:â‰¡( Îµ:)	Magic	
(/ï¿£ãƒ¼ï¿£)/~~â˜†â€™.ï½¥.ï½¥:â˜…â€™.ï½¥.ï½¥:â˜†	Magic	
(âˆ©` ï¾› Â´)âŠƒâ”ç‚ç‚ç‚ç‚ç‚	Magic	
(ã£Ë˜Ú¡Ë˜Ï‚)	Food	
( oË˜â—¡Ë˜o) â”Œiiiâ”	Food	
(ã€€â€™Ï‰â€™)æ—¦~~	Food	
( Ë˜â–½Ë˜)ã£â™¨	Food	
â™¨o(>_<)oâ™¨	Food	
( ãƒ»Ï‰ãƒ»)o-{{[ã€ƒ]}}	Food	
(ã€€ãƒ»Ï‰ãƒ»)âŠƒ-[äºŒäºŒ]	Food	
( ãƒ»ãƒ»)ã¤â€•{}@{}@{}-	Food	
( ãƒ»ãƒ»)ã¤-â—â—â—	Food	
(*Â´ãƒ¼`)æ—¦ æ—¦(ï¿£Ï‰ï¿£*)	Food	
(*Â´Ğ·`)å£ï¾Ÿï½¡ï¾Ÿå£(ãƒ»âˆ€ãƒ» )	Food	
( o^ ^o)ä¸” ä¸”(Â´Ï‰`*)	Food	
( ï¿£â–½ï¿£)[] [](â‰§â–½â‰¦ )	Food	
( *^^)oâˆ€*âˆ€o(^^* )	Food	
( ^^)_æ—¦~~ã€€ ~~U_(^^ )	Food	
(*ï¿£â–½ï¿£)æ—¦ ä¸”(Â´âˆ€`*)	Food	
-â—â—â—-ï½ƒ(ãƒ»ãƒ» )	Food	
( ãƒ»ãƒ»)ã¤â€•â—â—‹â—-	Food	
ãƒ¾(Â´ã€‡`)ï¾‰â™ªâ™ªâ™ª	Music	
ãƒ˜(ï¿£Ï‰ï¿£ãƒ˜)	Music	
(ã€œï¿£â–½ï¿£)ã€œ	Music	
ã€œ(ï¿£â–½ï¿£ã€œ)	Music	
ãƒ½(oÂ´âˆ€`)ï¾‰â™ªâ™¬	Music	
(ï¾‰â‰§âˆ€â‰¦)ï¾‰	Music	
â™ªãƒ½(^^ãƒ½)â™ª	Music	
â™ª(/_ _ )/â™ª	Music	
â™ªâ™¬((dâŒ’Ï‰âŒ’b))â™¬â™ª	Music	
â””(ï¿£-ï¿£â””))	Music	
((â”˜ï¿£Ï‰ï¿£)â”˜	Music	
âˆš(ï¿£â€¥ï¿£âˆš)	Music	
â””(ï¼¾ï¼¾)â”	Music	
â”Œ(ï¼¾ï¼¾)â”˜	Music	
ï¼¼(ï¿£â–½ï¿£)ï¼¼	Music	
ï¼(ï¿£â–½ï¿£)ï¼	Music	
(ï¿£â–½ï¿£)/â™«â€¢*Â¨*â€¢.Â¸Â¸â™ª	Music	
(^_^â™ª)	Music	
(~Ë˜â–½Ë˜)~	Music	
~(Ë˜â–½Ë˜~)	Music	
ãƒ¾(âŒâ– _â– )ãƒâ™ª	Music	
(ã€œï¿£â–³ï¿£)ã€œ	Music	
(~â€¾â–½â€¾)~	Music	
~(Ë˜â–½Ë˜)~	Music	
ä¹( â€¢ Ï‰ â€¢ä¹)	Music	
(ï½¢â€¢ Ï‰ â€¢)ï½¢	Music	
â½â½â—( â€¢ Ï‰ â€¢ )â—œâ¾â¾	Music	
âœºâ—Ÿ( â€¢ Ï‰ â€¢ )â—âœº	Music	
â™¬â™«â™ªâ—–(â— o â—)â——â™ªâ™«â™¬	Music	
( Ë˜ ÉœË˜) â™¬â™ªâ™«	Music	
â™ªâ™ªâ™ª ãƒ½(Ë‡âˆ€Ë‡ )ã‚	Music	
(Ë‡â–½Ë‡)ãƒâ™ªâ™¬â™«	Music	
( ^^)p_____|_o____q(^^ )	Games	
(ï¼o^)/ Â°âŠ¥ ï¼¼(^oï¼¼)	Games	
!(;ï¾Ÿoï¾Ÿ)o/ï¿£ï¿£ï¿£ï¿£ï¿£ï¿£ï¿£~ >ï¾Ÿ))))å½¡	Games	
ãƒ½(^o^)Ïâ”³â”»â”³Â°Ïƒ(^o^)ãƒ	Games	
(ï¼_^)ï¼ã€€ã€€â—ã€€ï¼¼(^_ï¼¼)	Games	
"( (â‰¡|â‰¡))_ï¼ ï¼¼_((â‰¡|â‰¡) )"	Games	
( ãƒ-_-)ãƒï¾_â–¡ VS â–¡_ãƒ¾(^-^ãƒ½)	Games	
ãƒ½(ï¼›^ ^)ãƒï¾ ï¼ï¼ï¼...___ã€‡	Games	
(=O*_*)=O Q(*_*Q)	Games	
Ğ®ã€€â—‹ä¸‰ã€€ï¼¼(ï¿£^ï¿£ï¼¼)	Games	
(Ë™Ï‰Ë™)ğŸ®(Ë™âˆ€Ë™)ğŸ®	Games	
( Í¡Â° ÍœÊ– Í¡Â°)	Faces	
( Í¡Â° Ê–Ì¯ Í¡Â°)	Faces	
( Í Â° ÍŸÊ– Í¡Â°)	Faces	
( Í¡áµ” ÍœÊ– Í¡áµ”)	Faces	
( . â€¢Ì _Ê– â€¢Ì€ .)	Faces	
( à°  ÍŸÊ– à° )	Faces	
( Í¡à²  Ê–Ì¯ Í¡à² )	Faces	
( à²  Ê–Ì¯ à² )	Faces	
( à²  ÍœÊ– à² )	Faces	
( à²¥ Ê–Ì¯ à²¥)	Faces	
( Í¡â€¢ ÍœÊ– Í¡â€¢ )	Faces	
( ï½¥à¸´ ÍœÊ– ï½¥à¸´)	Faces	
( Í¡  ÍœÊ– Í¡  )	Faces	
(â‰– ÍœÊ–â‰–)	Faces	
(Ê˜ Ê–Ì¯ Ê˜)	Faces	
(Ê˜ ÍŸÊ– Ê˜)	Faces	
(Ê˜ ÍœÊ– Ê˜)	Faces	
(;Â´à¼àº¶Ù¹à¼àº¶`)	Faces	
Ù©(ËŠã€‡Ë‹*)Ùˆ	Special	waking up
(ï¿£^ï¿£)ã‚	Special	military salutation
(ï¼â€¸áƒš)	Special	facepalm
(â•¯Â°ç›ŠÂ°)â•¯å½¡â”»â”â”»	Special	throwing table in anger
(â•®Â°-Â°)â•®â”³â”â”â”³ ( â•¯Â°â–¡Â°)â•¯ â”»â”â”â”»	Special	taking table and going mad
â”¬â”€â”¬ãƒ( Âº _ Âºãƒ)	Special	putting table back
(oT-T)å°¸	Special	surrender
( Í¡Â° ÍœÊ– Í¡Â°)	Special	meme / Lenny face
[Ì²Ì…$Ì²Ì…(Ì²Ì… Í¡Â° ÍœÊ– Í¡Â°Ì²Ì…)Ì²Ì…$Ì²Ì…]	Special	money
(à² _à² )	Special	meme / look of disapproval
à±¦ï¼o ï½¡ (â€¾Ìã€‚â€¾Ì )y~~	Special	smoking
(ï¿£ï¹ƒï¿£)	Special	hungry
(x(x_(x_x(O_o)x_x)_x)x)	Special	alive among zombies
(ã€€ï½¥Ï‰ï½¥)â˜	Special	pointing
(âŒâ– _â– )	Special	with glasses
(â—•â€¿â—•âœ¿)	Special	cute face
(ã€€ï¿£.)o-ã€€ã€€ã€ã€€TVã€€ã€‘	Special	watching TV
ï½€ã€ãƒ½ï½€ãƒ½ï½€ã€ãƒ½(ãƒï¼ï¼œ)ãƒ ï½€ã€ãƒ½ï½€â˜‚ãƒ½ï½€ã€ãƒ½	Special	catching umbrella in the rain
â€¿ï¸µâ€¿ï¸µâ€¿ï¸µâ€¿ãƒ½(Â°â–¡Â° )ãƒï¸µâ€¿ï¸µâ€¿ï¸µâ€¿ï¸µ	Special	drowning
( â€¢ )( â€¢ )Ô…(â‰–â€¿â‰–Ô…)	Special	emm... try to figure out what he's doing
( ï¼¾â–½ï¼¾)ã£âœ‚â•°â‹ƒâ•¯	Special	punishment for cheating
ã€œã€œ(ï¼ï¿£â–½)ï¼ã€€ã€œÑ„	Special	chasing a butterfly
à¬˜(à©­ËŠáµ•Ë‹)à©­* à©ˆâœ©â€§â‚ŠËš	Special	angel
à¬˜(à©­ËŠê’³â€‹Ë‹)à©­âœ§	Special	one more angel
_(:3 ã€âˆ )_	Special	popular lying emoticon
âˆ ( á› ã€âˆ )_	Special	another lying emoticon
